ArNS Domain,Process ID,Owner
https://12345.arweave.net,https://www.ao.link/#/entity/9EOlpt2esSPIoGYK7jhFInCnLNFzi_HiMTWnzQrgDoY,https://www.ao.link/#/entity/7waR8v4STuwPnTck1zFVkQqJh5K9q9Zik4Y5-5dV7nk
https://12345678.arweave.net,https://www.ao.link/#/entity/Kp23K4z6bKZHRy4KqBAvc82Cr76xPE08DQRJQEs29lY,https://www.ao.link/#/entity/cjnNO4wraJdTCM4ANTdmCnOnBroT-0MPzKjEIzETTe0
https://vmioxioioioio.arweave.net,https://www.ao.link/#/entity/0CKgXl_KQ07g6XznxNjLZd-SlQJYc-P2Am7ELgNrvv0,https://www.ao.link/#/entity/_vITnhRwHF0s0RPFG9ckdXDKpwzqUNPkS4KTkwDiWHw
https://untitled.arweave.net,https://www.ao.link/#/entity/W6g8crb1rWHdWG-5u5zJMoxj3JVLh7koFRLNm-0-cNI,https://www.ao.link/#/entity/A7LTmgjL4-HdztGhseGDd00IUmxff5F_h8WnW-xiRWM
https://bingbangboomshackalakwallawallabingbang.arweave.net,https://www.ao.link/#/entity/PUJC2GWQdY6GjZb3sI3oR61poS4KS19EmHSTEEv_N9Y,https://www.ao.link/#/entity/7waR8v4STuwPnTck1zFVkQqJh5K9q9Zik4Y5-5dV7nk
https://test-webhook-21.arweave.net,https://www.ao.link/#/entity/h69T7_Kzy1BjOu9R2KXqVWrlTTAklHjssHJL6KkPwmA,https://www.ao.link/#/entity/ZjmB2vEUlHlJ7-rgJkYP09N5IzLPhJyStVrK5u9dDEo
https://test-webhook-20.arweave.net,https://www.ao.link/#/entity/2kfHdt4f_GySSDziAQW9pL3vi_4BVb0OBdPj8JhYwIY,https://www.ao.link/#/entity/ZjmB2vEUlHlJ7-rgJkYP09N5IzLPhJyStVrK5u9dDEo
https://test-webhook-19.arweave.net,https://www.ao.link/#/entity/wNYavsSKfAH48EGZNacNW7-7zh3iQqiKssOUKoIijw0,https://www.ao.link/#/entity/ZjmB2vEUlHlJ7-rgJkYP09N5IzLPhJyStVrK5u9dDEo
https://iamgoingnowhere.arweave.net,https://www.ao.link/#/entity/iBwF1Zh6KZ6FOhX61BSxM1jsS1t-CFI4oASwxb6cBbo,https://www.ao.link/#/entity/P-8mzHSuVuoE0-pOF_95gZ_OWHAQQauaKPA3GyFG3KE
https://youre-the-man-now-dog.arweave.net,https://www.ao.link/#/entity/GO766YRB-Pnfj82O2zW-9oBdyo5pJthVvsk_PLsHVzs,https://www.ao.link/#/entity/NdZ3YRwMB2AMwwFYjKn1g88Y9nRybTo0qhS1ORq_E7g
https://psn.arweave.net,https://www.ao.link/#/entity/HaCGqnltoQElUSnvhpUZ92q41xCMek542vcRpbGDfJk,https://www.ao.link/#/entity/qmg-WUYiCHqhnx_kv4zx2zedssosU1is9Td2UWGfI5g
https://test-webhook-1.arweave.net,https://www.ao.link/#/entity/Q4ZswZnF5Rqf1guPq1Me07eC-B4DF0JIJ6eBikQDn-4,https://www.ao.link/#/entity/ZjmB2vEUlHlJ7-rgJkYP09N5IzLPhJyStVrK5u9dDEo
https://lalaalalalalalalalalala.arweave.net,https://www.ao.link/#/entity/PA5WqfwYbdoiHqvdS2OQbNAKJN6Q9LFZONuZQFG1TEA,https://www.ao.link/#/entity/E-QVU3dta36Wia2uQw6tQLjQk7Qw5uN0Z6fUzsoqzUc
https://shapezero1.arweave.net,https://www.ao.link/#/entity/l4hUkMXAxqhArLKzC4Rb8RbmUyKF0F23UgdXUxFBUX8,https://www.ao.link/#/entity/SqEQ2UZcI6s4yU8jQMnmxSBmu1XYBg_eHoivzxYljU0
https://nahiko.arweave.net,https://www.ao.link/#/entity/f_homrR7YqulQms0LwoD-a6c0i5lNV68oUF8z08f87s,https://www.ao.link/#/entity/tWBNq4Yh1-9sQ6upatrNCvSs2_c_koaFDLWhF13N7J0
https://test-webhook-18.arweave.net,https://www.ao.link/#/entity/GHs91B1Dhsi9NrvXIVCdbbaX_sII1Fx4MEaLV5oRjm0,https://www.ao.link/#/entity/ZjmB2vEUlHlJ7-rgJkYP09N5IzLPhJyStVrK5u9dDEo
https://test-webhook-17.arweave.net,https://www.ao.link/#/entity/h1n7FG2xo0cpCUl8FE7TgVDKgfjy4G6ClE5OvFmt0oY,https://www.ao.link/#/entity/ZjmB2vEUlHlJ7-rgJkYP09N5IzLPhJyStVrK5u9dDEo
https://test-webhook-16.arweave.net,https://www.ao.link/#/entity/LJluFKVKdMuuXD0pQLQ2YO1MDw7Hc8dtUgjscc7rSWM,https://www.ao.link/#/entity/ZjmB2vEUlHlJ7-rgJkYP09N5IzLPhJyStVrK5u9dDEo
https://test-webhook-15.arweave.net,https://www.ao.link/#/entity/7ISLm4i0tUgmT11-0wh336qc62O9zoHjSvT1XIVIZ1E,https://www.ao.link/#/entity/ZjmB2vEUlHlJ7-rgJkYP09N5IzLPhJyStVrK5u9dDEo
https://test-webhook-14.arweave.net,https://www.ao.link/#/entity/PHLu1MbOwSGQ3sM9qeaLLGTLZw1cRZNFdlwEX6b0JOw,https://www.ao.link/#/entity/ZjmB2vEUlHlJ7-rgJkYP09N5IzLPhJyStVrK5u9dDEo
https://test-webhook-13.arweave.net,https://www.ao.link/#/entity/SW0yyl3yMpnDZTbdgj0Pv20mRCq3zx5VgdjVNmyjWZ4,https://www.ao.link/#/entity/ZjmB2vEUlHlJ7-rgJkYP09N5IzLPhJyStVrK5u9dDEo
https://test-webhook-12.arweave.net,https://www.ao.link/#/entity/9c7RlR8BBIBfrmdRxrItKB1gv6JVO-CSBTumx9gZEJc,https://www.ao.link/#/entity/ZjmB2vEUlHlJ7-rgJkYP09N5IzLPhJyStVrK5u9dDEo
https://kernelwhisperer.arweave.net,https://www.ao.link/#/entity/MpteEHtxX4MuBCxA3Ftj640zs6wlsjyEW4UMvv1tPrY,https://www.ao.link/#/entity/ZFG-hZ9Swsrs4xX4LWLz6dtOEFWo4BZVKUIlYO4Lk6U
https://ejdcjwecnjwdcbnjdhbcjdshbcksdcmnlwdmcwlcmwdcdwscd.arweave.net,https://www.ao.link/#/entity/TEvZ08wcUxeTELgnlAD7P3hDHyugyVwB1o66fFS23nA,https://www.ao.link/#/entity/9jfM0uzGNc9Mkhjo1ixGoqM7ygSem9wx_EokiVgi0Bs
https://hbfrvhebviebvnfehrnverjfnvkerjfngvefkjnvfjnvjfvnfej.arweave.net,https://www.ao.link/#/entity/7qUhu_NSz4KHLF0sl4KlyyyiEuADvgRJy5mBKGUY4E4,https://www.ao.link/#/entity/HwELFOieXQ9I_Mqm4DW4kNuLg48apBYYThTeBtrrQ6Q
https://0xsiriusblack.arweave.net,https://www.ao.link/#/entity/BL_RArw2nE5nckrTU68YNLqD0ZaX9v70Dfsen_eFQtw,https://www.ao.link/#/entity/-lcpm0ZotZB9eGH3tbgT0vEeiVVBbSQQBY0pbqoYR0c
https://karacalar.arweave.net,https://www.ao.link/#/entity/-Iqg-YYpDrgk5Zcqep3J9xzdK6ysAmXe2GZujO23QiI,https://www.ao.link/#/entity/-C5AiYcMmrOFHrnQwhJg1Xtzhz23T0zNB0ACge1otHs
https://yusufaytnario.arweave.net,https://www.ao.link/#/entity/GpnoHhR3CUCrewWtpYyXHBeIwnx0kazzhXHQhxdmkpk,https://www.ao.link/#/entity/uAsYw8-vGL6zgyDfImyW2MkiqI8IV2FteK_Fzz-JGWk
https://fienfowenvoiwnvpiernjvpierjvoiejvoievjoefnhgbkjnbke.arweave.net,https://www.ao.link/#/entity/GIXOIxSe8e6hCd1a53ZiEmS-9ymASCTCyFi70HV1t0E,https://www.ao.link/#/entity/_RqQo2E0AM71QjV8EW7AwUuDt5N2fYEUggv4n5oFGpU
https://ddldkkldkdkdfkdflkdfklkldfkldfkldfkldklfkldkfldkfld.arweave.net,https://www.ao.link/#/entity/2rHV7CoQEdxn0zRpN9diheMhpzVWjxBMIitvxLzfFL8,https://www.ao.link/#/entity/9jfM0uzGNc9Mkhjo1ixGoqM7ygSem9wx_EokiVgi0Bs
https://aowar.arweave.net,https://www.ao.link/#/entity/bej2MEcbjx4S3mXeJjP_UeeqA-WPfnglBanhooDjVdo,https://www.ao.link/#/entity/eqWPXgEngDqBptVFmSlJT0YC9wgyAD4U8l1wrqKu_WE
https://bjwhdbecjhwdbcdwjhcbdsjhcbdsjhcbsdjchbdsjhcbdjhbdsj.arweave.net,https://www.ao.link/#/entity/GIXOIxSe8e6hCd1a53ZiEmS-9ymASCTCyFi70HV1t0E,https://www.ao.link/#/entity/_RqQo2E0AM71QjV8EW7AwUuDt5N2fYEUggv4n5oFGpU
https://lksjdlksdjds4dsd4sdsd4.arweave.net,https://www.ao.link/#/entity/GEGrTxgpO3pjqJpZ-9LTLfCxOurIr7B-9HNj7fTycdw,
https://permabian.arweave.net,https://www.ao.link/#/entity/DVrxywN8L_MfBQQ8A4WtaLmTX8l7UoXizzacU9SZZ4w,https://www.ao.link/#/entity/9jfM0uzGNc9Mkhjo1ixGoqM7ygSem9wx_EokiVgi0Bs
https://butterfly.arweave.net,https://www.ao.link/#/entity/RcSZ2Xo7YuvlASaF9b8SCvVScxMm9-Qich_6uRdimk8,https://www.ao.link/#/entity/9jfM0uzGNc9Mkhjo1ixGoqM7ygSem9wx_EokiVgi0Bs
https://delfi.arweave.net,https://www.ao.link/#/entity/RwH1Vn5m9g7RfPxEyB44WNvAjtcctsG9LyrfYsEjcHs,https://www.ao.link/#/entity/9jfM0uzGNc9Mkhjo1ixGoqM7ygSem9wx_EokiVgi0Bs
https://normalize-my-key.arweave.net,https://www.ao.link/#/entity/ZNS69HDBRoYjLJbFktc4pEssPpP4kLKfjeizDoNPLhE,https://www.ao.link/#/entity/7waR8v4STuwPnTck1zFVkQqJh5K9q9Zik4Y5-5dV7nk
https://fudbear.arweave.net,https://www.ao.link/#/entity/IUjh-nzb9s8aDCkyVzmVIPxCUFfoKULuFcfcs-i7BJU,https://www.ao.link/#/entity/eqWPXgEngDqBptVFmSlJT0YC9wgyAD4U8l1wrqKu_WE
https://btcbossxbtcbossx.arweave.net,https://www.ao.link/#/entity/6JiO9XGFTopeAvxjjYVZunyPUWeywVT8xURsTVJySWQ,https://www.ao.link/#/entity/s8u2SDPNU3ndJdzi-dIwJ6xJyjg4_O_stmWpJfnqQ_0
https://apple.arweave.net,https://www.ao.link/#/entity/pk7HSMVGjstdakMzGlL8ipD4vPhOsig2jhAJGRq-3T4,https://www.ao.link/#/entity/ciQ7RQ8QPPv3bGoMfN2SlYIr0n8ZDLZ7_aDW-hM9pLQ
https://tulpartulpar61.arweave.net,https://www.ao.link/#/entity/c1wLYkQOKOA43bF0H019YRCKxpFGTGlgOycD5N1nrHM,https://www.ao.link/#/entity/3zXdaX5U0elCa_veCF339zh6IkUsJxQd97fFTH8DDNc
https://ucm-wiki.arweave.net,https://www.ao.link/#/entity/R_8Q4knNFqgNb2rDyH9RgJQOexWGSl9zyH6z77U9mDo,https://www.ao.link/#/entity/vh-NTHVvlKZqRxc8LyyTNok65yQ55a_PJ1zWLb9G2JI
https://skyblue.arweave.net,https://www.ao.link/#/entity/h6ae96a6FT7Fet6Djai53BRE_IrXdN70eXi9Vq9_M8Y,https://www.ao.link/#/entity/E-QVU3dta36Wia2uQw6tQLjQk7Qw5uN0Z6fUzsoqzUc
https://walkerhomeplace.arweave.net,https://www.ao.link/#/entity/54NKHWmSoUNZp1L4gj2ljkjnVWyMaGch1nEQTjF54wk,https://www.ao.link/#/entity/i2d0ZTldv_B8vx8Pj0yoOORiqp7Bp_qttgmksyAIi9Y
https://lorisimbes.arweave.net,https://www.ao.link/#/entity/7kK9AaOJpBaDTQQcNmzSIDq1VCxZM7FznM4ywrre_bQ,https://www.ao.link/#/entity/l0iODykz8poPjVJ2HlY-wrnzAHyp_0267w8oGvxECWk
https://tonysoprano.arweave.net,https://www.ao.link/#/entity/QuVjts-q4Y5RaHeEfxQOlDvGrjHMFWJjWGCBQzRDNWQ,https://www.ao.link/#/entity/jpPWBpBN9amvVPjP_v5XlnEu7U8TAaTqPlJ2cbREe4U
https://vouch-gitcoin-passport.arweave.net,https://www.ao.link/#/entity/pIfZQbBC8x9j0DCuyawU5DT-LTRpm6jErkov7eAAGI4,https://www.ao.link/#/entity/0cQJ5Hd4oCaL57CWP-Pqe5_e0D4_ZDWuxKBgR9ke1SI
https://note.arweave.net,https://www.ao.link/#/entity/jfe6EszGOPHcSkElU_-QwlGFmY2fKlqYGdAW47RfP2c,https://www.ao.link/#/entity/UCzh5BWlNp1cT1eZQjNFBTk5QAjxtiMz4wiceSpKtus
https://giuru.arweave.net,https://www.ao.link/#/entity/G80o83oewErpoTehld_7Ao0zY-EIQ983_bTovgz6g2Q,https://www.ao.link/#/entity/E-QVU3dta36Wia2uQw6tQLjQk7Qw5uN0Z6fUzsoqzUc
https://goma.arweave.net,https://www.ao.link/#/entity/Tb0bXnXT6rhLpmoUaCyAfC-r2wbe9jiuPO_dZPrv_VY,https://www.ao.link/#/entity/E-QVU3dta36Wia2uQw6tQLjQk7Qw5uN0Z6fUzsoqzUc
https://shdfjshdflkjshdfkjshfdlkajhfklajshdfkjashdfkjahsdlk.arweave.net,https://www.ao.link/#/entity/o_L40WwAqmD7L829sefabK6noykrbCsm-xHBjNxO-W4,https://www.ao.link/#/entity/7waR8v4STuwPnTck1zFVkQqJh5K9q9Zik4Y5-5dV7nk
https://landscape.arweave.net,https://www.ao.link/#/entity/ozB9JPjN677pWhGS5pkWVGff8RbCNDwiJTxpXNbiARs,https://www.ao.link/#/entity/E-QVU3dta36Wia2uQw6tQLjQk7Qw5uN0Z6fUzsoqzUc
https://birds.arweave.net,https://www.ao.link/#/entity/9KBxVpPcQm_c0Wi-ZOghXu6NsQHf_C2hDmB_tl8UIL0,https://www.ao.link/#/entity/E-QVU3dta36Wia2uQw6tQLjQk7Qw5uN0Z6fUzsoqzUc
https://kabaoglu.arweave.net,https://www.ao.link/#/entity/Q3sard7GPO40f3tVEJ0ZyUXOs_qSVAdauqJHLLFhG2s,https://www.ao.link/#/entity/F3_DMBJqgFJig5NqnKWKw3krNdk1bifNdyacdZ3QMac
https://autonomous-finance.arweave.net,https://www.ao.link/#/entity/M5s7SN23E63iQeiWCOzcnlZCLk3zlFBg1Yn2EGlI1Jw,https://www.ao.link/#/entity/yqRGaljOLb2IvKkYVa87Wdcc8m_4w6FI58Gej05gorA
https://mainnet.arweave.net,https://www.ao.link/#/entity/Fl6B14vcSyUfV5GT414miiwgJgBNkLd3DA-LcG4OEcU,https://www.ao.link/#/entity/lW2pPPuNPbkttMags2pNO3nuovyYevUqh-bNk9DyaNo
https://xn--kanlalper-ypb.arweave.net,https://www.ao.link/#/entity/GnhdPsyzeAYid3pJUlIKxVojs0EbFciGv9S9m_8FztE,https://www.ao.link/#/entity/-C5AiYcMmrOFHrnQwhJg1Xtzhz23T0zNB0ACge1otHs
https://jhlakjshdlkajhsdlkajhsdlkajhdlkajhsdlakjhsdlakjshdl.arweave.net,https://www.ao.link/#/entity/WFoE0VeiA_Oc0Ddk4-909GMtglnMAGJpX0ah6kIlGFg,https://www.ao.link/#/entity/7waR8v4STuwPnTck1zFVkQqJh5K9q9Zik4Y5-5dV7nk
https://0xdecentralize.arweave.net,https://www.ao.link/#/entity/Jl-0m4FjY86iERlawHhut8CZwhxTDdjTgMGl98786jM,https://www.ao.link/#/entity/dpmrJQrMVxygj9bdsCfr7-QWpcnl_nTWcsc52gzmGCM
https://saribocukkkkkkkkkkkkkkkk.arweave.net,https://www.ao.link/#/entity/pw0is_eDP8OnjrMO02TddHVDBpqT571AM5Lk_Lwj0_o,https://www.ao.link/#/entity/HcSFZii3IwcfU5Fdn95Mt6oEncltywe47BiebimDthg
https://arnamemrcetin.arweave.net,https://www.ao.link/#/entity/bfFRXtbhalL6risjXbDA5kUeOvD2EKq5z_bE0YjxXAE,https://www.ao.link/#/entity/pi_PVyBCifSZfwKG1v2BZs3xOL9nVitgw9VK6b7HmJw
https://alcatalcatalcatalcatalcatalcatraz.arweave.net,https://www.ao.link/#/entity/_2Er9XK37cLDjETuWaFDlXXvwvfbPQqm8EtN51k5Gws,https://www.ao.link/#/entity/YlDY5URaAmLNcg5BfqQHKl6-_tIIuHfp5oPjpaqLX6w
https://oifhjsigfhijgrheijrghkdjghlkdsjghdlkfjghdlkjfsghldk.arweave.net,https://www.ao.link/#/entity/clZRzefK2W5A2IuVOUNF6kqsiwZlROtNXa7pY7Q9Q_0,https://www.ao.link/#/entity/7waR8v4STuwPnTck1zFVkQqJh5K9q9Zik4Y5-5dV7nk
https://uashiusdahiuasdhsaduihdaswiuhadsiuhadsuiadshuidsahi.arweave.net,https://www.ao.link/#/entity/tat8BxOLcWqIcJDKYFhvUdqIh-tQ6nFeof50-IxIIyg,https://www.ao.link/#/entity/rR5WbfH_xBA2R9Z3aJyEk_uXTUr9otjQCCd78GVmFvE
https://thiagorecifgepernambucotestcearabrasiltest123455242.arweave.net,https://www.ao.link/#/entity/UH-xfdK7R6TiVG_qHUcIX1n6RSsSxCo_PVOf_YMytjY,https://www.ao.link/#/entity/rR5WbfH_xBA2R9Z3aJyEk_uXTUr9otjQCCd78GVmFvE
https://penaforte.arweave.net,https://www.ao.link/#/entity/AZSGWGxutXv09waTBKDUq4TZnR0y1kYuHBqnNslol3k,https://www.ao.link/#/entity/rR5WbfH_xBA2R9Z3aJyEk_uXTUr9otjQCCd78GVmFvE
https://recife.arweave.net,https://www.ao.link/#/entity/EfrRVhaHentccr3J4rmhZw42m6PjctJknD1lJ8HakTw,https://www.ao.link/#/entity/rR5WbfH_xBA2R9Z3aJyEk_uXTUr9otjQCCd78GVmFvE
https://happyfarm.arweave.net,https://www.ao.link/#/entity/sSSq4UktUOZYW9zrP8uB3-ID7u7jVwsBaLlwD31bAUU,https://www.ao.link/#/entity/8u5MoYrG9dlhdZfAK2up2C8iWgr6MY2F6m6IzGTFnlQ
https://gogofaster.arweave.net,https://www.ao.link/#/entity/7tb6lGs4vvSRYP1D-JNj2P9HUUzc72YCyLRKixjzV14,https://www.ao.link/#/entity/jSBSgnszgnjQ9s8k9_ldJxRbxtURdjXAwx63NoT88Nw
https://puggy.arweave.net,https://www.ao.link/#/entity/gO9aFvKTgfQrrwVQFER7QTX_9V3J9TK6-1FMK911oo8,https://www.ao.link/#/entity/t-YvmcsqCBq_iCTb90P-XvxymNK6fk571p_VcOuUPBU
https://erp-gallery.arweave.net,https://www.ao.link/#/entity/DCUStawN8AdKhSnFDfUp343HbIW3jLOdFyfOVJZrXZ0,https://www.ao.link/#/entity/zPZe0p1Or5Kc0d7YhpT5kBC-JUPcDzUPJeMz2FdFiy4
https://ghassemikiarash.arweave.net,https://www.ao.link/#/entity/H0kSG-9l4abknL1pHQWRl4XyjRxFw0_Ai2ActZ1tQak,https://www.ao.link/#/entity/YBRlDWAaInYmj3kNqm6Ei927vAGFztg36kIFskXHGnE
https://bizarhasani2025.arweave.net,https://www.ao.link/#/entity/7Fe4YTNzS3cYq3g1arU4ICYVfKABOsApXrthsMzhbts,https://www.ao.link/#/entity/OoOx5lH3RAd_v3bbpZVoeATjA-Ye21qNiWk3fF742X0
https://nemathassani9.arweave.net,https://www.ao.link/#/entity/PVeuoJRSCNBp00otFXaqJeD5F2qKEcdC9rKLkdh2TXs,https://www.ao.link/#/entity/H2_TD5s4gCbAPT95uG7bBHxEPpYNHYtZzRPUbP9kjgI
https://kiarashsoltani.arweave.net,https://www.ao.link/#/entity/NrNu1xfwp_R1e3prvaDGPw0XffMGl7HxdFSfQgS_MQM,https://www.ao.link/#/entity/kiNmh1DknsfkY8c9_fi0y-pDkzgl3NVin0EvTCk_IU0
https://niknezhadreza.arweave.net,https://www.ao.link/#/entity/RUTstNTbEnrhB22Bc4SgdabY9DXfYETUp-e5eBVpciY,https://www.ao.link/#/entity/PUAaxAAlvrs5czMz0VIZ3bS0ThIVlZCyxfhCRLIiP4g
https://blntbytk197519751975.arweave.net,https://www.ao.link/#/entity/M6yL3vjvawdRLOnVKuPaZ00hbXDRCb-3m_BoUiTYF_8,https://www.ao.link/#/entity/PGXaIRCrTqEsJrSuXFI8iObV3bWKJvY8CMK1cxsdRS8
https://jackdaniels.arweave.net,https://www.ao.link/#/entity/BCY2pFIdkzHcYI0p-L0gmUOsBGNiK3Ot3qNnxIq-UKI,https://www.ao.link/#/entity/TlZUBXVaCY5mvVX4IUjFR3FcMhkmnTAWikzuWlAc5_M
https://test50.arweave.net,https://www.ao.link/#/entity/cUOYgXL30FYPvrY6KYeku8t9io1aXs0zyLxSrCn3tv0,https://www.ao.link/#/entity/9jfM0uzGNc9Mkhjo1ixGoqM7ygSem9wx_EokiVgi0Bs
https://anadoluuniversity.arweave.net,https://www.ao.link/#/entity/RvdmlzYe_X2E8-B0aA64vczzdd-kyYVt0kUczPv44jw,https://www.ao.link/#/entity/8y0mX32e2Y_GmGcS59KF4cOmMQZeIu5pSDJ07a7RcbU
https://cryptomonkgateway.arweave.net,https://www.ao.link/#/entity/4YO_gGA8rz7v6j8nVqJHQmfjM4s2vqJC6oaPXwiOXjA,https://www.ao.link/#/entity/DGg4wJ6WzYsTgrnhlHXmrb69LmJkL51VutUjFSHAPqA
https://xn--aralkanl-0kb.arweave.net,https://www.ao.link/#/entity/QyQ17X_UNxR68sgH4NUwRw24BtgyMNuN-4JBiEBjYoI,https://www.ao.link/#/entity/-C5AiYcMmrOFHrnQwhJg1Xtzhz23T0zNB0ACge1otHs
https://arfleet.arweave.net,https://www.ao.link/#/entity/N-Ij410D5uYVuJD7vCHRiGE2LbLp4_UvfUO5hOuYEgI,https://www.ao.link/#/entity/xm8pVhSmahMFQwfqbY_lVg3VXjfEcO7FKDJPdMhFahY
https://gatewaykeeper.arweave.net,https://www.ao.link/#/entity/FEd3V0B3wiGbJjFN9buSJgW99nqMBVaMg8lfaPoKm8g,https://www.ao.link/#/entity/s4JPHqCNvdVspEYm_BGd8SIRzVvsj9e4bMFcSnnRG5Q
https://blocktime.arweave.net,https://www.ao.link/#/entity/HW_XwuYrgn1rNG0x4N6ORffrmfd0a3zi7ifMzBBvuC4,https://www.ao.link/#/entity/c25gFt6jawXHUnRgh1N74XNLbN5r3LzunPNRRCq-hIs
https://jackfrain.arweave.net,https://www.ao.link/#/entity/QkNg6nm7FxebRHnPfCIG1EU2JNyOfGmRJO-OGXM_RWY,https://www.ao.link/#/entity/6F7pOU5Gh5GAqFIRYEInp7gbHmbupdZDZimj46Rje3U
https://you-want-owner-so-heres-your-owner.arweave.net,https://www.ao.link/#/entity/pQW3xUewrhP-8AC6WBbRPFTtuw08SeW3lOviMC5YdY8,https://www.ao.link/#/entity/QGWqtJdLLgm2ehFWiiPzMaoFLD50CnGuzZIPEdoDRGQ
https://thiagoarns.arweave.net,https://www.ao.link/#/entity/Rqy1BSVgszt2lJYNRZJPjGhyQxqsONaQQQmb_-5FHps,https://www.ao.link/#/entity/utfXmEX9YWo_8N498NJ9GNt_aCjOT7UF1ciyRvOwI48
https://test12.arweave.net,https://www.ao.link/#/entity/MnD009JZ9QEO0pvuRd9rE_fHh3yJIVGk5dKO-HdYalk,https://www.ao.link/#/entity/9jfM0uzGNc9Mkhjo1ixGoqM7ygSem9wx_EokiVgi0Bs
https://test11.arweave.net,https://www.ao.link/#/entity/4qrViTg1fdsbOqFfbUIF8MjX8m3cWHa3Mc2URcO-efw,https://www.ao.link/#/entity/9jfM0uzGNc9Mkhjo1ixGoqM7ygSem9wx_EokiVgi0Bs
https://test10.arweave.net,https://www.ao.link/#/entity/WSj2mfWgOW6A5iewf8UV0354RlUA6QoCzknvyvbYc4w,https://www.ao.link/#/entity/9jfM0uzGNc9Mkhjo1ixGoqM7ygSem9wx_EokiVgi0Bs
https://delfin.arweave.net,https://www.ao.link/#/entity/Rmkw1rctZPAXC9e-23aq8CpeMq7zAMwpKCXErce-bEM,https://www.ao.link/#/entity/9jfM0uzGNc9Mkhjo1ixGoqM7ygSem9wx_EokiVgi0Bs
https://totoro.arweave.net,https://www.ao.link/#/entity/DE8rBOUDHoIU1ROYH1N1dT9R2-ZN0_3d2iM6kFjsjqg,https://www.ao.link/#/entity/9jfM0uzGNc9Mkhjo1ixGoqM7ygSem9wx_EokiVgi0Bs
https://arguser.arweave.net,https://www.ao.link/#/entity/pzcDWeV2l1Jnk4aB-85RgPOAFo_XbI6HvI6T_btTbno,https://www.ao.link/#/entity/9jfM0uzGNc9Mkhjo1ixGoqM7ygSem9wx_EokiVgi0Bs
https://bootlegpepe.arweave.net,https://www.ao.link/#/entity/goUIBS9QWqiBCe1kPnl05Y4CAUqPcMal6R7IGqlZQr4,https://www.ao.link/#/entity/18e5Zt-JaV5eE24alZnMI4ka9PWaNu0iZvnk7Sx1FSw
https://rarepepe.arweave.net,https://www.ao.link/#/entity/pp6EdyKFOHWgtxrFIf9nmDef60WNxiew0bWYHvdNnZM,https://www.ao.link/#/entity/18e5Zt-JaV5eE24alZnMI4ka9PWaNu0iZvnk7Sx1FSw
https://memeforce.arweave.net,https://www.ao.link/#/entity/6MvKkb25J_Qtxo2FBqC4IGMhrdnGmxn7ijzkYVjXuLw,https://www.ao.link/#/entity/18e5Zt-JaV5eE24alZnMI4ka9PWaNu0iZvnk7Sx1FSw
https://pinkshirtguy.arweave.net,https://www.ao.link/#/entity/K7oB0OKCuIGOy6-TRqhw7FCIBUwfog4fk0d_ZUSPgjk,https://www.ao.link/#/entity/18e5Zt-JaV5eE24alZnMI4ka9PWaNu0iZvnk7Sx1FSw
https://pepecartel.arweave.net,https://www.ao.link/#/entity/ZEXjMXhe4VPcyrxqYvLeGpb5HOBTv7OBg-MXxUBGBFU,https://www.ao.link/#/entity/18e5Zt-JaV5eE24alZnMI4ka9PWaNu0iZvnk7Sx1FSw
https://wenairdropsir.arweave.net,https://www.ao.link/#/entity/Bi7bCS4vf1DKn6FaNtel5aJqqY1psnck4wr3VznYfmY,https://www.ao.link/#/entity/ghGftRJ6mcBSqL1g9b4DIfqs4tbD4CuDXtAZaYRSzDs
https://bluntman.arweave.net,https://www.ao.link/#/entity/Vi7V8o1wGtKlt8mAq0RmKQuAhWZln1BNio3frBbWl0o,https://www.ao.link/#/entity/unCfe6VDrVxBfevVuOhT-E2BUxXt6OTcTuoIN1Fjh64
https://test-webhook-11.arweave.net,https://www.ao.link/#/entity/GKfAiJ5Y_z6QWEftl9zdb9PdR0cvOMQX4ovYj02GTBQ,https://www.ao.link/#/entity/1H7WZIWhzwTH9FIcnuMqYkTsoyv1OTfGa_amvuYwrgo
https://test-webhook-10.arweave.net,https://www.ao.link/#/entity/ya5SKhiRVSUIcKSkCmY5EPNsmTE575XK3YJ7TDb1buM,https://www.ao.link/#/entity/1H7WZIWhzwTH9FIcnuMqYkTsoyv1OTfGa_amvuYwrgo
https://test-webhook-9.arweave.net,https://www.ao.link/#/entity/BsOJIx2oOp3Sg7WqPXI8ycBRGmCre0Z2IRnEX4EvyZc,https://www.ao.link/#/entity/1H7WZIWhzwTH9FIcnuMqYkTsoyv1OTfGa_amvuYwrgo
https://nodetester.arweave.net,https://www.ao.link/#/entity/SJeqJ-cVoyiN_WrivOi2K_s4OtPZkPNYOhXwme6KjLI,https://www.ao.link/#/entity/llpFQs81WBNqU5q7PDUnkkyzgMXtCOcqyL1nTvjKngc
https://edyantotimbangallo.arweave.net,https://www.ao.link/#/entity/7k32DURW1B5CfPKJUhVATnc-754Nn8wwVszkdH-4PRU,https://www.ao.link/#/entity/8ocURTXoises1EXXPCwNEZLHcPP6RbFK13b6jzCZfu0
https://horizon.arweave.net,https://www.ao.link/#/entity/5AEl4cjGQSOL_9NhL952K9rE7ScrFuViNazjTxfOd_4,https://www.ao.link/#/entity/9KxuVBZJS-cxKwRa5MAfvJVy4T-KUS6UeceLsbvV4J8
https://pikachuuuuu.arweave.net,https://www.ao.link/#/entity/P7tF66s7VFF3nmqKjXrSONSQ5QRLItAIMDUjME2CNuA,https://www.ao.link/#/entity/cwjuA0xZ6xkWv1pZ536WtIsTNOBJqZwgoHBoZTGoP9U
https://3d-pst.arweave.net,https://www.ao.link/#/entity/ZowalLJnKYr2T2kjbzzponXMlpViiRPYJlYPJwYQ_ls,https://www.ao.link/#/entity/n-8SHNBiuu0AMQzpK1Aig843PFp5JkCyvT7H4TlJCzE
https://zigzaresearch.arweave.net,https://www.ao.link/#/entity/XtxypW7-0t4miXWEdB1DOrJ7nBrDxtlN3df-ldAKI8w,https://www.ao.link/#/entity/6JBkDWwcdzwe7-8QllMqhYYgLALeVDcUdSb5vK16lG0
https://365579784580xsav.arweave.net,https://www.ao.link/#/entity/ydFjXr0FwAZf2VFm6HuX6xg9B91u89xVGp1lT9XwSfk,https://www.ao.link/#/entity/1gQCULHEJg2dryFHqRvqHpy0TYC39xu0Vm6XImGsJn0
https://ario-ilaybilge1923.arweave.net,https://www.ao.link/#/entity/ams2jJyrSBGSh3bXu__lXsLDB4Ty7nQtz2I0iuEDwoQ,https://www.ao.link/#/entity/vOrKy_8JvhhIxzWj7fe9E59AGKVi4Jb6YfgauAvCvxU
https://chess.arweave.net,https://www.ao.link/#/entity/nOJ_5y4IpRN7WJ3qLN1hrbxGA9RFzTK914MsRTq96Ec,https://www.ao.link/#/entity/7waR8v4STuwPnTck1zFVkQqJh5K9q9Zik4Y5-5dV7nk
https://zqtx10-arweave.arweave.net,https://www.ao.link/#/entity/erbwBUTEzVEdho9Rg_motcFQIOIVsG9U0BpZJeev0GQ,https://www.ao.link/#/entity/pNT5esHnPYMPh05h_m6zaQJoUnkPOSf_Mr_5jBQIIeE
https://noriavalidator.arweave.net,https://www.ao.link/#/entity/-3OnduYrCgSYrKkDinIXuAZTZXpDx1eWiyHRRKMFp_E,https://www.ao.link/#/entity/dzRxqsh-fXkh2QYogPzsmY59tsNSRZN_fYhjLqFeung
https://cryptoomegafirstwebsiteonarweave.arweave.net,https://www.ao.link/#/entity/kdkAELJ5X0X1V28JEnozEtPBc_zTU7DC8EsLh0b1kUM,https://www.ao.link/#/entity/qD5VLaMYyIHlT6vH59TgYIs6g3EFlVjlPqljo6kqVxk
https://gerenimofth.arweave.net,https://www.ao.link/#/entity/pg7bzGmsXomhzAK_xxZbIsLwqFy4641AAovmdYMIPsU,https://www.ao.link/#/entity/s91BsMWRi8E4Lkmx0cjzwFNxTnlKjX6ne4mJ2jdMjHE
https://mekahuman.arweave.net,https://www.ao.link/#/entity/D6JEhO1mWAnVjlD6EJkhff-Pv9WiBjQ6aPTshwT3xrs,https://www.ao.link/#/entity/m1YSrJ08L6Nk9QCp7yMgrJD9x9nEVQ4usNJI7b-pzuM
https://coneheadsquid.arweave.net,https://www.ao.link/#/entity/6KPHT1sninCq9J-CEv6B3bgKAwHnYIw76thKrDWS3QM,https://www.ao.link/#/entity/PUy0Ix_-qunc4mFzBuE71eOEPotbYs77W38MCWvAfqA
https://giranli.arweave.net,https://www.ao.link/#/entity/t9vzafCa4r8s9-SHU9Cvr1hrppj0Uhw-dAbnN7RpaYQ,https://www.ao.link/#/entity/k5GhUmInR23Jt0I14A_EMFAtFHBCRSZyN7Ibr_2cY-k
https://p10node-super-logo.arweave.net,https://www.ao.link/#/entity/X_0xQGB9_1g2W69QMKHl1XOKHylga5f_y8XI0Or-i1Q,https://www.ao.link/#/entity/eNSUT_JT0yQgrC6TP4k2IlkO-krjIKzAUgxVPZ58fFI
https://qavurdagli19033.arweave.net,https://www.ao.link/#/entity/Z6DT4AHqh63VNigbHAKvcl-DpEthckB53vEOCrfXnV8,https://www.ao.link/#/entity/BIa3UE0QEPRJC4HBSU252qHtA8ZOR4ClnzBq1LZQ_WU
https://qavurdagli1903karakartalqavurdagli.arweave.net,https://www.ao.link/#/entity/X-IJLW8aeXMzoX4xIG7GR-T8jGdEF9pVDLiPCJorSOQ,https://www.ao.link/#/entity/BIa3UE0QEPRJC4HBSU252qHtA8ZOR4ClnzBq1LZQ_WU
https://qavurdagli1903.arweave.net,https://www.ao.link/#/entity/d3UR0rYT2LwoE51P1z9uZJ9T-2QjtOlHZqrsxsYuKgs,https://www.ao.link/#/entity/BIa3UE0QEPRJC4HBSU252qHtA8ZOR4ClnzBq1LZQ_WU
https://gulugulumuro.arweave.net,https://www.ao.link/#/entity/o47p_SlykCB8CilOfZMUJn6VefY8lloV4WDxXCOtziw,https://www.ao.link/#/entity/PQ8xSukxl8hFgP8wwGQBvCAJpevAmjfNVsH8TORJeEM
https://dtractuslifesbreakpointisthisimage.arweave.net,https://www.ao.link/#/entity/nxaHAVV0udq1wnk3kxMAgDn8xVuXJ_H0BU8EeG2BmsQ,https://www.ao.link/#/entity/FIrnZ27Rc-zVKv7C5stOcj0dP9Im3GpGlHlWyfizaEY
https://heavenforhumanity.arweave.net,https://www.ao.link/#/entity/of1AHPM4HoPohJjyKdgHF5a2M1oIMgXQZIo6OFQ5sRA,https://www.ao.link/#/entity/vBDC_yCsXY9KrM4nFy_ngR2aN75F85650lJZnWH5tEU
https://cryingfrog.arweave.net,https://www.ao.link/#/entity/FdnWqYpJUdowA97bHNO0cCvkyd4e4DgGCWi-cey-k9Y,https://www.ao.link/#/entity/BAQYHfwzlL5Fd1w8-fr2Iu0DMUzbgjwV-EM9fTP1Oeg
https://test-webhook-8.arweave.net,https://www.ao.link/#/entity/duwcZUz8CJWNCFa23FY7evilArIKEfpFQegundLDz6k,https://www.ao.link/#/entity/1H7WZIWhzwTH9FIcnuMqYkTsoyv1OTfGa_amvuYwrgo
https://test-webhook-7.arweave.net,https://www.ao.link/#/entity/mjDK_7tNx5uP0Jtmy453YvzEb0hYS3WOSquua4RGfDE,https://www.ao.link/#/entity/1H7WZIWhzwTH9FIcnuMqYkTsoyv1OTfGa_amvuYwrgo
https://tiny4vr.arweave.net,https://www.ao.link/#/entity/d8wzWzxIgB8Syopz3iZ98qydwmVKpTGNE6GK7EuxZcs,https://www.ao.link/#/entity/7oqF5rsBLc8MqWnrOHloVjixlbpfT7IdFqRQfyaNLOg
https://test-webhook-6.arweave.net,https://www.ao.link/#/entity/TWUVG__-qupYI0q3ns_rVfpAaxwgbpvl_Ss8qfAC3jU,https://www.ao.link/#/entity/1H7WZIWhzwTH9FIcnuMqYkTsoyv1OTfGa_amvuYwrgo
https://test-webhook-5.arweave.net,https://www.ao.link/#/entity/zfKFcsxcftAYT0H-cPL-WINqgX7uK3jvhJpBTRxN-aw,https://www.ao.link/#/entity/1H7WZIWhzwTH9FIcnuMqYkTsoyv1OTfGa_amvuYwrgo
https://swappy.arweave.net,https://www.ao.link/#/entity/tkk51D3sYyK-_Y3cCC2XvPmP6RVUBK1oertIhSeTiC8,https://www.ao.link/#/entity/vd97vAnBhKD7zGNDTjTgl5N0WKLcl92MO8Ob3T0w6IM
https://test-webhook-4.arweave.net,https://www.ao.link/#/entity/ksCYmddiIGKjc5_0uI4Mqg5iXryvxXHgWi4cAnMtWcc,https://www.ao.link/#/entity/1H7WZIWhzwTH9FIcnuMqYkTsoyv1OTfGa_amvuYwrgo
https://test-webhook-2.arweave.net,https://www.ao.link/#/entity/XV7__b03lDjTmaTRMfeLcyKPUA-Jkxk8QysD_2CfFJ0,https://www.ao.link/#/entity/1H7WZIWhzwTH9FIcnuMqYkTsoyv1OTfGa_amvuYwrgo
https://test-webhook.arweave.net,https://www.ao.link/#/entity/cT8N07t0fOKbc_S1nlF9tKH12yexp-1yR86alwSYX5g,https://www.ao.link/#/entity/1H7WZIWhzwTH9FIcnuMqYkTsoyv1OTfGa_amvuYwrgo
https://phucnguyen97399.arweave.net,https://www.ao.link/#/entity/svoPLGGc_fb_pKtuEAgmGb4Tkukk9sYpZBpALR2fACM,https://www.ao.link/#/entity/ucT6yI6AQ3tpB6ERamNiwK0148XE0KMl9o0DdfuyutM
https://vetinheeeee.arweave.net,https://www.ao.link/#/entity/cE7-cV0r1i01-nHZJ7sNUMIcx1Z5spzWaqwHRRC-Lbo,https://www.ao.link/#/entity/xyH8-v62Hs-Wvli8WF1OZ1DeuAg6YviFPE2CIlBUhjw
https://theanh97399.arweave.net,https://www.ao.link/#/entity/kf83mEgoN8IC3Q8Xqni95If_E7Z-0VXS28mC4O9hmSo,https://www.ao.link/#/entity/xmZL_bYpc0xK8gubrPxg_5Xc9WcJXJjYXooZSO6Z7dI
https://phuccccc.arweave.net,https://www.ao.link/#/entity/YuJCsFUDLoE10jCX4M4vgv5lgrbNTxWBEIoNE6RFIa8,https://www.ao.link/#/entity/KwQNbaomlFPvuEuJL1TAJQtqthU-JsJU_qwWD2vifhI
https://toilaai12321.arweave.net,https://www.ao.link/#/entity/iQL-7sibTrNlsByJKONHcOE6hQ8wIleYVdPmvF-UEVk,https://www.ao.link/#/entity/w_dXSRqIUrIFn8QVRXuiQ25-5qKGDFNliIztzCa8PMY
https://huruharavalidate.arweave.net,https://www.ao.link/#/entity/tQXBXgwNQgw4zxhvgxPnN_YX0T7xTU581pLS8PrW39Q,https://www.ao.link/#/entity/eWIndWPgafim4UZh4pKCQGrA820gbas7_flQUYfTxi4
https://kingchris.arweave.net,https://www.ao.link/#/entity/m0EOKT5E16XxRSV61iQ_NL4mM21xteDpqN6hbVFede0,https://www.ao.link/#/entity/CL6JYB1-MD0wjhidQj95TN0tqMbIngWnI6j42h4pKP0
https://0xzontum0x.arweave.net,https://www.ao.link/#/entity/w_97tJPXXvjqBlCyhHHZQDo9AsTzx3LjdxsPv7kjXL0,https://www.ao.link/#/entity/99cN-yl_Ytpn-_vOOZrF39O3YST9Qe5OP9SZHP_JN7Y
https://0xvrising.arweave.net,https://www.ao.link/#/entity/a1rLBcevFn876CwhMfz9I37B49KfXdcbpACVD3na3b8,https://www.ao.link/#/entity/Hr7TB4EECU0b-1TGUe55bZE374Z6e4FjCu5S-b-KAjk
https://0xsunkripto.arweave.net,https://www.ao.link/#/entity/wBc7EK9cZ6r1_GuSlTn-U7EKDD6n4PJSMJVmNF2k8Lw,https://www.ao.link/#/entity/QAGGs4RNR6e2gG0a0A3vrGRk2L6OlJxFPng5bfGNJUA
https://austrailopithicapantrogladitavelociraptasaurabot24.arweave.net,https://www.ao.link/#/entity/u5p7y7u5q6_pO7k-QuYiV6eMHVmZl7aE1LHItpkXTAg,https://www.ao.link/#/entity/nW19mc557WHu-EcCyRRUml3YuASZmhwUBXtpjbxeXLs
https://elessargateway.arweave.net,https://www.ao.link/#/entity/kuh-YJCrY0z9tQsTasgRKK5rhvHKlsYnXEy6NcBXFoM,https://www.ao.link/#/entity/YcPEBPK-oS5IUxtVgICcl3DdfhfVJfui5LkBss805SQ
https://ouiouibaguette.arweave.net,https://www.ao.link/#/entity/CuUb-VcNSzPtPGHVBWSG3sKIIjVDC0ZB11lLAUsweC0,https://www.ao.link/#/entity/O94QpUJ4oZ8gXlAJMV_xcigO9VyD3Kgf_wI7hTo6SGM
https://thiagocarvalho.arweave.net,https://www.ao.link/#/entity/Z5QHuZoIdXIUfB5J9-EsopKjMdSawSgHMwWNQeM4gs4,https://www.ao.link/#/entity/utfXmEX9YWo_8N498NJ9GNt_aCjOT7UF1ciyRvOwI48
https://omanipadmehum.arweave.net,https://www.ao.link/#/entity/9XgMcFpg0ub-bP3-Ea0XMAayuRH1OaNTcIJWuzQ5tOo,https://www.ao.link/#/entity/uXa2pq9qySW9lvMzdZaylSi4TxnAjZtDce5ixbsglJU
https://camacazy66.arweave.net,https://www.ao.link/#/entity/oEpSCGG0HiCAnfAEtVLFNyGHZ0vx2wzEG6nFpbLyaII,https://www.ao.link/#/entity/R2F_yvosaSpeYDxTufyxI9Q9mDjaa4mk3sDZhncm078
https://did-the-df-change-from-0pt6884715847925.arweave.net,https://www.ao.link/#/entity/GjEZBz8HS1NNzxmsufFzuajFP4ZEzJDOAK9amMQi5XM,https://www.ao.link/#/entity/nszYSUJvtlFXssccPaQWZaVpkXgJHcVM7XhcP5NEt7w
https://portalinto.arweave.net,https://www.ao.link/#/entity/GgxYqCqXNpwzdnTW_0e9QFqzk9cpqn0FEnzwEcD32ak,https://www.ao.link/#/entity/GpuJ6-7d0IexbuQgsE7MERCa6UYAX0o9T-64qIU56IA
https://ipfs.arweave.net,https://www.ao.link/#/entity/YGMOrIMMYh2UsBn_ad6T-L91O4YWtj6WjN4sWUN_IMM,https://www.ao.link/#/entity/98O1_xqDLrBKRfQPWjF5p7xZ4Jx6GM8P5PeJn26xwUY
https://sol.arweave.net,https://www.ao.link/#/entity/NazaWXmNpjBabFO8g32cP2nSvoOfeJmFLXW5k5J04g8,https://www.ao.link/#/entity/98O1_xqDLrBKRfQPWjF5p7xZ4Jx6GM8P5PeJn26xwUY
https://eth.arweave.net,https://www.ao.link/#/entity/YVgUQa_fwqvqiXeHUyrAETer-slr7IOs4bBlAeix3tM,https://www.ao.link/#/entity/98O1_xqDLrBKRfQPWjF5p7xZ4Jx6GM8P5PeJn26xwUY
https://btc.arweave.net,https://www.ao.link/#/entity/pwaZo9V6oXsLU0IsfUuhzGb7f2mN96YRz9zfKU4t3fM,https://www.ao.link/#/entity/98O1_xqDLrBKRfQPWjF5p7xZ4Jx6GM8P5PeJn26xwUY
https://arbitstudio.arweave.net,https://www.ao.link/#/entity/cl1TKE3P5B9BY9ohzYMtNgNlP-EgLLcSRkmvxJrMftU,https://www.ao.link/#/entity/7oqF5rsBLc8MqWnrOHloVjixlbpfT7IdFqRQfyaNLOg
https://stateofcorruption.arweave.net,https://www.ao.link/#/entity/Vv2188IU1TgxfKRG8bZzX0VxueCcfiuZLqWvYnBKJpc,https://www.ao.link/#/entity/4SDUuy3xdCxA7Mg97M87ZpWC_MbhIKUcmvaoPkf_goc
https://craigwrightisnotsatoshi.arweave.net,https://www.ao.link/#/entity/WCXvg5q4uSV0fkMTIKRwTUabKRp0xSvfszCdeDSQg54,https://www.ao.link/#/entity/4SDUuy3xdCxA7Mg97M87ZpWC_MbhIKUcmvaoPkf_goc
https://digiart.arweave.net,https://www.ao.link/#/entity/nQZZSz-50IYnyV86RJLpFJWi9_KRWFflqelK_gpu0y4,https://www.ao.link/#/entity/LY89WeNXvTn_NFT-KVV6HPcPVB5qpSq1ug25TScwlq0
https://65342e6234e625436e5423e.arweave.net,https://www.ao.link/#/entity/0YGlquI4a3stuBydLekPYwFFLniFTGeIMi7T-8PHLmM,https://www.ao.link/#/entity/7waR8v4STuwPnTck1zFVkQqJh5K9q9Zik4Y5-5dV7nk
https://decentramind.arweave.net,https://www.ao.link/#/entity/eX0A_ym-gUBbeJmO_83fwZfmeWaJD0Hxb9ShFg97Hts,https://www.ao.link/#/entity/fk8kHzwZ8mQUq31RmZkzBwZK7_jYQAXyX5WNoGYp8z8
https://bitshiftmod.arweave.net,https://www.ao.link/#/entity/gn_9RAHVz3Vt1DdMxO6Znt4fRvmn0F5UpJi4FNl74KQ,https://www.ao.link/#/entity/N4h8M9A9hasa3tF47qQyNvcKjm4APBKuFs7vqUVm-SI
https://arlink.arweave.net,https://www.ao.link/#/entity/IHbdhIYLErnOuSKeCd-gY9UPrdlmugeOBOlb_JsHGYM,https://www.ao.link/#/entity/wT2aEN3NxaN3DFRJucM51kEDVScudmURt1GsfIYpBIA
https://thiago2.arweave.net,https://www.ao.link/#/entity/wU3baSpUTh8E-oDI-mLezVsj21WJwuf7ftoXYhHWYbA,https://www.ao.link/#/entity/utfXmEX9YWo_8N498NJ9GNt_aCjOT7UF1ciyRvOwI48
https://promiseland.arweave.net,https://www.ao.link/#/entity/c6TXGuNZgd0SGIIqWaiXgp8bL2osc0Qgc4oAibLw8sg,https://www.ao.link/#/entity/r_pM1K4ov1F36v0SXqOSxx9D-U37zUTj7J7FXgZO-tY
https://ario-installer-super-max-awesome-sauce-9000.arweave.net,https://www.ao.link/#/entity/oMUKfWo_iKN4_O6qwmulMF2IZoksEDkHDB_aQHKEWjE,https://www.ao.link/#/entity/7waR8v4STuwPnTck1zFVkQqJh5K9q9Zik4Y5-5dV7nk
https://mostao.arweave.net,https://www.ao.link/#/entity/cP61IdBzSqegdyXkmHEnq30nGDaL_IeX_60QS1ZLrRI,https://www.ao.link/#/entity/m2x6ViTNUsxTxICtITDDwhcZzfJdjTk5cDHhST0ieqM
https://anyone.arweave.net,https://www.ao.link/#/entity/lZKDfIa5JiWQ8ojjXiRSey_81Bftbib4tLpIJh4UO0g,https://www.ao.link/#/entity/jp0QaS_Zai2hGaB-yRvAIMEtodmH_iHr0drpZxAZQtU
https://aogames.arweave.net,https://www.ao.link/#/entity/bufGPBQfO-RjyLMJVlW5aPSaDze6C0og3rykRR9F97o,https://www.ao.link/#/entity/-0AF_KPMvDfliil4cm9pwR0OiG-pLuOyI2Kf1LuPjUA
https://vouch-ao-balance.arweave.net,https://www.ao.link/#/entity/VlEuuVCNLqbhFJ0urIfeNDpnui4dDMAisOSI2ZLDOpg,https://www.ao.link/#/entity/0cQJ5Hd4oCaL57CWP-Pqe5_e0D4_ZDWuxKBgR9ke1SI
https://theunitedstatesofamerica.arweave.net,https://www.ao.link/#/entity/IVFTbpmqWiiPhSbcaMgG4hLyiiNjzq61y2eXrbrOdRA,https://www.ao.link/#/entity/VDeFhycOOzmh-TaPgEsfkxYSLXLeioYPwOAP-NoD02s
https://arnodetop.arweave.net,https://www.ao.link/#/entity/3akp9-4Ff7xApsmQsEHEB62UpC8K3e61nKOPP4qBWFY,https://www.ao.link/#/entity/ucT6yI6AQ3tpB6ERamNiwK0148XE0KMl9o0DdfuyutM
https://vnnodetop.arweave.net,https://www.ao.link/#/entity/22P1Oj7D8NcL5W-gQu4KVO3PSLh7VZ1BeRFNjbmXGBM,https://www.ao.link/#/entity/xyH8-v62Hs-Wvli8WF1OZ1DeuAg6YviFPE2CIlBUhjw
https://phucccccc.arweave.net,https://www.ao.link/#/entity/s7gV5mAfey57Zoka2hEiRMgbWCdAUOVw92TjqH5t7Hg,https://www.ao.link/#/entity/xmZL_bYpc0xK8gubrPxg_5Xc9WcJXJjYXooZSO6Z7dI
https://vn-stiiii.arweave.net,https://www.ao.link/#/entity/MOYWgYINeFU1G4vc4DqtoHIpuZkL_Cm14qC5vHgEdro,https://www.ao.link/#/entity/KwQNbaomlFPvuEuJL1TAJQtqthU-JsJU_qwWD2vifhI
https://stilucky.arweave.net,https://www.ao.link/#/entity/IKW91xlcETtzMblx4M75rcAHxlf2EmoL--2C4SMcHbY,https://www.ao.link/#/entity/w_dXSRqIUrIFn8QVRXuiQ25-5qKGDFNliIztzCa8PMY
https://undertaker.arweave.net,https://www.ao.link/#/entity/J0owTZUCsfBTXKNqGS9q5pbr8cpxc2xMEV1c__OQzsc,https://www.ao.link/#/entity/iKryOeZQMONi2965nKz528htMMN_sBcjlhc-VncoRjA
https://permagi.arweave.net,https://www.ao.link/#/entity/IVvAZ2af-VSsDajhRlGMolZXQX5EMeSbbL-RXwafkcE,https://www.ao.link/#/entity/9jfM0uzGNc9Mkhjo1ixGoqM7ygSem9wx_EokiVgi0Bs
https://54as65da4sd65a4d65a4d6a5sd46a54sd6a54d6a54d.arweave.net,https://www.ao.link/#/entity/VQK9I0G8_CCBmD6k43_lGCXf0s4h7BLcICfhUKki1Wk,https://www.ao.link/#/entity/wVo_07yH7s6i4vChkVKQLTAoSECH5HgaHr3YX8ofBns
https://cooltest.arweave.net,https://www.ao.link/#/entity/rDmsgHT_BVB1es44VDxepSHCpbVu-5KXp8CMnuK0r2U,https://www.ao.link/#/entity/Dzh6nTNjO_A3CdgQ11ZoVEyx9WlbMrBD8zAua5KS8Wk
https://craft.arweave.net,https://www.ao.link/#/entity/P66edK5nwzKPkgy2iNUwAOhiHgOPhH6RKlNXYF9TrZY,https://www.ao.link/#/entity/7waR8v4STuwPnTck1zFVkQqJh5K9q9Zik4Y5-5dV7nk
https://thiago.arweave.net,https://www.ao.link/#/entity/IyjqOErJOwAhVNCaDfDmZAMJHsyYM-vdV-algNqWF1M,https://www.ao.link/#/entity/utfXmEX9YWo_8N498NJ9GNt_aCjOT7UF1ciyRvOwI48
https://waytoagi.arweave.net,https://www.ao.link/#/entity/9jxlsK1Le9RV2NrRKNKrfCty2z7NRMrbznb28qPU-vc,https://www.ao.link/#/entity/p1o7oTlR0TEQ8YDHLD2yxHeuNZG_lb18cjkrICrJ0o4
https://learn-blockchain.arweave.net,https://www.ao.link/#/entity/PLs6cwh7oy5e4FvDJI-TSeonleaFKywPuCNE5A-kBfg,https://www.ao.link/#/entity/31LPFYoow2G7j-eSSsrIh8OlNaARZ84-80J-8ba68d8
https://arfleet-launch.arweave.net,https://www.ao.link/#/entity/NKWYWKg-MwEPB8gv4Kz2tiZbNuqappTiWU-KEBrIOuo,https://www.ao.link/#/entity/jnbRhoH3JGTdRz0Y9X-gh-eosrbIpdxs58DPTtlOVE8
https://cleverlpc.arweave.net,https://www.ao.link/#/entity/xFf7gApDDmSwxUTX1jvuCD44T1IFSTlC7e1BorETf1c,https://www.ao.link/#/entity/GdtQquK867988DikyrJBnmJPcIItIXh5GuCX_MmhkQE
https://history.arweave.net,https://www.ao.link/#/entity/1MB1TqbTMUyBfw9BawasdNHbzDquDGBi-3ne1LDz3T8,https://www.ao.link/#/entity/9LHhHMbiL9r3V8Fa60gH1L9sBQG2N5NyOMuB8GCSMpc
https://hello-world-more-characters-is-cheaper.arweave.net,https://www.ao.link/#/entity/qEvmdIhAC7mB67GosIHnXjJEFVmRsqHpqtJYpsrEnH4,https://www.ao.link/#/entity/31LPFYoow2G7j-eSSsrIh8OlNaARZ84-80J-8ba68d8
https://apus.arweave.net,https://www.ao.link/#/entity/7R_IADgZr62knu1Lpbt32EljfVKaNaVnRI6tplciHzI,https://www.ao.link/#/entity/lpJ5Edz_8DbNnVDL0XdbsY9vCOs45NACzfI4jvo4Ba8
https://happytown.arweave.net,https://www.ao.link/#/entity/j-hFwhm8vwsJ9lLqAacHPpoPgDw1ExiELUk2ekyoQ-c,https://www.ao.link/#/entity/uKmD0OpvIpHCsYq1k0ceb-yj9D2iViiw4ghusDD8eHs
https://xxxxxxxxxxxxxxxxxxxxxxxxxxxxxxxxxxxxxxxxxxxxxxxxxxx.arweave.net,https://www.ao.link/#/entity/1_X5jO6I83ZZ0occOBq49Nq4ZzfjrJayzVbuqY8nxss,https://www.ao.link/#/entity/pWobQ51XxUL-ZTDzjiXbjyVk_GWf6uwGtFQwkX3tuog
https://bazar.arweave.net,https://www.ao.link/#/entity/5hzUyF9djDPUJ0AfXpWOW91XuAzk1xvLYyyPeLvlRyw,https://www.ao.link/#/entity/jnbRhoH3JGTdRz0Y9X-gh-eosrbIpdxs58DPTtlOVE8
https://parallel-computer.arweave.net,https://www.ao.link/#/entity/MtH58Y-O1gNQrYOMUWHCdhXhJwXfnjp2DNCpvWHk_7I,https://www.ao.link/#/entity/xb428aCfxuOFaIrSOBhh6z_TIowwH9p8IiHg_VWf2FM
https://canduesed.arweave.net,https://www.ao.link/#/entity/IFhNm4ksKITIdfpXnTFy228tI003YDGh0xrLfWG_nlw,https://www.ao.link/#/entity/UdduK9fJ5AgvbHtBH35JtBiNwTSCSsZU6ZEyVeh5o6E
https://hash.arweave.net,https://www.ao.link/#/entity/dBYDmOdTw8LdCfJCpW4omBaybfEEKuVPpF2vJdYpXGQ,https://www.ao.link/#/entity/OAVZrVIWrBhBIgKfBUYDpXWMIL8i3L1VHnlChkM3EWI
https://graphlink.arweave.net,https://www.ao.link/#/entity/I2ZpEIMT9a4klDOsnWJnmIZtjKv6rEkMHF5L-djiAAM,https://www.ao.link/#/entity/1JAZ2L3MxqmjOAu5OgmwiPIAkLMF3YYw_aXSV_ISKfY
https://gobbledey-gook1234567.arweave.net,https://www.ao.link/#/entity/RfReXJ1ZJCdCJq0PRvL0JzYEZsyNCWB0aLqGqI__-Dg,https://www.ao.link/#/entity/QGWqtJdLLgm2ehFWiiPzMaoFLD50CnGuzZIPEdoDRGQ
https://gobbldey-gook12345.arweave.net,https://www.ao.link/#/entity/Ku1AemYotM-12m7zpWCQxOVeBIHr0ktIzPLWnehfpII,https://www.ao.link/#/entity/QGWqtJdLLgm2ehFWiiPzMaoFLD50CnGuzZIPEdoDRGQ
https://earlybirds.arweave.net,https://www.ao.link/#/entity/8786iSELyQOLj3aZnc0LlHhf6YW3kgltUTP8wrOyI1Y,https://www.ao.link/#/entity/TrnCnIGq1tx8TV8NA7L2ejJJmrywtwRfq9Q7yNV6g2A
https://perma-premium.arweave.net,https://www.ao.link/#/entity/H5m_doNePnw5wBsP3UrMOogzgCxR6iGtz9qWCBg6gwM,https://www.ao.link/#/entity/PNFfEdCsgSNb7GZvyKkb4Jo0Wfg7wFUEBqymz787Z7A
https://aedfqawfqawfcqwfcqawff.arweave.net,https://www.ao.link/#/entity/S2PX04nK_vC9bSu8HzmycNZ3zxD6ntR0gUYgygR9DLI,https://www.ao.link/#/entity/e6Fmv1rBxKDQOrwS2BcKtYBRGvUmO0xHmAVD0Pf4R18
https://meta-llama-3-8b-instruct-q4.arweave.net,https://www.ao.link/#/entity/NjNftcvId7EaP8IOyuUoExYn1_fDRh3Z6igms1m-a9E,https://www.ao.link/#/entity/98O1_xqDLrBKRfQPWjF5p7xZ4Jx6GM8P5PeJn26xwUY
https://codeqwen-chat-q3-k-m.arweave.net,https://www.ao.link/#/entity/e3wfdNfvbH7RuQLZmHnYECWz-RPbhLATlPU63ci6u84,https://www.ao.link/#/entity/6Z-ifqgVi1jOwMvSNwKWs6ewUEQ0gU9eo4aHYC3rN1M
https://aluisyo.arweave.net,https://www.ao.link/#/entity/NfXw3qFXegfoMBZomE-ySKNjG4EBbKKXJArwz3d3pgg,https://www.ao.link/#/entity/yfpbuETfWZzVpkAOrofwnJhIHJRN6dn0FHBzuBhs2NE
https://holopolis.arweave.net,https://www.ao.link/#/entity/FQ6fbj7-vkfrGtIV4SpxokBII6Em5X8AyQ1EkbHxiDA,https://www.ao.link/#/entity/CnutUP9FOadHcG_C74Zq91zr_Ku6ehYMbkMTcYbABHQ
https://ethernodesmap.arweave.net,https://www.ao.link/#/entity/9eaYlD5HxvktCc3ZtoYV26Wn3ZJjFprxlC2rUtNXP-c,https://www.ao.link/#/entity/cTAjCmyteUycFexytR8s8xJ8y6UhYjN6qNFTqVXny-c
https://mfers.arweave.net,https://www.ao.link/#/entity/6Tugs25iHfOt3NFNFyoaKlUlKzAWgBSdAv_LNlP3rtM,https://www.ao.link/#/entity/6Z-ifqgVi1jOwMvSNwKWs6ewUEQ0gU9eo4aHYC3rN1M
https://eclipse.arweave.net,https://www.ao.link/#/entity/1YUOsnY73JrShLhNfBQa8e9LcuZYS70r5-JRb0N3C5g,https://www.ao.link/#/entity/9jfM0uzGNc9Mkhjo1ixGoqM7ygSem9wx_EokiVgi0Bs
https://f564ew6f54we6f5we4w.arweave.net,https://www.ao.link/#/entity/DwPAnJfyDtgYy61BxyJrDh5tgI5EBHFJy7XGmZ0kXto,https://www.ao.link/#/entity/7waR8v4STuwPnTck1zFVkQqJh5K9q9Zik4Y5-5dV7nk
https://dumdumdeploy.arweave.net,https://www.ao.link/#/entity/8FSJKMiuaeEdBWHdNTzlzRph2gkCTyXuv18CUGhGVR4,https://www.ao.link/#/entity/8iD-Gy_sKx98oth27JhjjP2V_xUSIGqs_8-skb63YHg
https://morlzil2.arweave.net,https://www.ao.link/#/entity/hIpMb7CgI-S1fqonVq_dmATEd5QB3dWGJwu-BxjZIw0,https://www.ao.link/#/entity/3dTBoAtr9RA0DhNihHvcbInbsMO9nKscXyXarQ82uEM
https://vevivocodeq.arweave.net,https://www.ao.link/#/entity/zduZUutfza5s5lpNBy6o3DbFs0zYfxiD9FZUY2ASKC4,https://www.ao.link/#/entity/ciQ7RQ8QPPv3bGoMfN2SlYIr0n8ZDLZ7_aDW-hM9pLQ
https://starverse.arweave.net,https://www.ao.link/#/entity/t1fvrCRKWYliI4H3v90v2m1on-rdGdGyCJ71YMP8okE,https://www.ao.link/#/entity/Dw0nUPZUEwa0oivTfRKeDrfo6rpfHpS23mDxI8VknRc
https://vevivoinvegas.arweave.net,https://www.ao.link/#/entity/wvEaNCjRHFpIxife1EbZUyCdwDF_aAEgmodVThvpcbI,https://www.ao.link/#/entity/ciQ7RQ8QPPv3bGoMfN2SlYIr0n8ZDLZ7_aDW-hM9pLQ
https://transactions.arweave.net,https://www.ao.link/#/entity/dKQ3fYQLvyzHuc0jXBvSCCbiMNJFPvqDP1U-QUhtnog,https://www.ao.link/#/entity/N4h8M9A9hasa3tF47qQyNvcKjm4APBKuFs7vqUVm-SI
https://timestamp.arweave.net,https://www.ao.link/#/entity/kJoPSaaetDWxNvta0H7TQ6PPsTo2226gdY99xJRS-Fc,https://www.ao.link/#/entity/OU48aJtcq3KjsEqSUWDVpynh1xP2Y1VI-bwiSukAktU
https://whatever.arweave.net,https://www.ao.link/#/entity/61b9FvaMevT3YZYY4OnigEBJV740ZS5RoDdrD-N6CMY,https://www.ao.link/#/entity/8s8ABYc_1oDZ553UKXLIzsUie48xc6V88Q1hPtky4C8
https://xn--alperkanlkuyu-cbc.arweave.net,https://www.ao.link/#/entity/nLb7Jq78ZCUmkSNfV2-i6HG0EeZEPtSClesgbzLeXxo,https://www.ao.link/#/entity/-C5AiYcMmrOFHrnQwhJg1Xtzhz23T0zNB0ACge1otHs
https://ferergwergwergergwergwegewrgweg.arweave.net,https://www.ao.link/#/entity/xy5ewbTO8JYkdOv6UuAk8o4Zr4TLvmT1cCqSMcyUnVc,https://www.ao.link/#/entity/7waR8v4STuwPnTck1zFVkQqJh5K9q9Zik4Y5-5dV7nk
https://arweave-name-system.arweave.net,https://www.ao.link/#/entity/pkjqT5c_dlQfs4Suguyp1KdUc6Crwn-5Rk-pYYC1Vz4,https://www.ao.link/#/entity/N4h8M9A9hasa3tF47qQyNvcKjm4APBKuFs7vqUVm-SI
https://testing-testing-123.arweave.net,https://www.ao.link/#/entity/FTuclTOafEgI8HaDIh6RjJ048M20K2L2PNDvXmi4CbA,https://www.ao.link/#/entity/OU48aJtcq3KjsEqSUWDVpynh1xP2Y1VI-bwiSukAktU
https://network-portal.arweave.net,https://www.ao.link/#/entity/N2T8zUZCGWosR_4B_YZPvbYGTSTKA4OV-zwrtTqEXSg,https://www.ao.link/#/entity/N4h8M9A9hasa3tF47qQyNvcKjm4APBKuFs7vqUVm-SI
https://sivaslitorkuuu.arweave.net,https://www.ao.link/#/entity/eP_-nvQe60yDED0InHYW46CJuMT_rn-Wn-6kHRn6eGw,https://www.ao.link/#/entity/rHZLhdsXk8NOepTZwNwcBKq_vO3nSpG9kMAqoVZpJZ0
https://itsfiveoclocksomewhere.arweave.net,https://www.ao.link/#/entity/l9O76B0DhfGVjoaZB8XeQQt3xmvUL1lfSZ2F2MrFW1U,https://www.ao.link/#/entity/_uJPiyswvBunRS_e7mPebqHeaY750SMBrga-NyovhSg
https://kamenridergelo.arweave.net,https://www.ao.link/#/entity/MNLsd4ghBr_bw5rGSSyts6B5rT_-XaEoMBWeveFrdOk,https://www.ao.link/#/entity/eSRbMNB_wkZiiVeu2Axw5OC9AnRV-zU-vj_WDPbX-JY
https://sheynara.arweave.net,https://www.ao.link/#/entity/ZZRmSsnKVG-s1B_VmJaBDNyYt_FjdgSKMf6Oz0m6u4c,https://www.ao.link/#/entity/eWIndWPgafim4UZh4pKCQGrA820gbas7_flQUYfTxi4
https://a-new-era.arweave.net,https://www.ao.link/#/entity/zbGEO4pFus5sOnm-fcSe4ztz_OzOx5HIAjTElW6Tsc0,https://www.ao.link/#/entity/XX4ssz8MKbXvbVXhBRl84TWDDwkkme96lMkjpL7IpXs
https://areweeeve.arweave.net,https://www.ao.link/#/entity/oPuN2k_MBglnMtEDEd0XmVtq-ofWkMSPY8mVjdW-058,https://www.ao.link/#/entity/EUc8hlu2jMeMRC8rF14OMJ8k5jZ9Mu-eAidjw_a5Vtw
https://erenyanik12345.arweave.net,https://www.ao.link/#/entity/-7u1lBlIlfcMyses6QOYPwTFJgp5P42l8Uy83n_IJa4,https://www.ao.link/#/entity/PE0gBR0wwHlNA4k4He0K3iYc-EKPqjgm7dG65T9pNiw
https://document.arweave.net,https://www.ao.link/#/entity/46k2swk4wqP03AFnyxUCumtX_YYuDrCu8b8lL5Ms3oU,https://www.ao.link/#/entity/ciQ7RQ8QPPv3bGoMfN2SlYIr0n8ZDLZ7_aDW-hM9pLQ
https://thehashbet.arweave.net,https://www.ao.link/#/entity/quYtQyCcQKO5Le00Nv_QzUMC0323weTmyY7k2BW8Rys,https://www.ao.link/#/entity/Dw0nUPZUEwa0oivTfRKeDrfo6rpfHpS23mDxI8VknRc
https://themagnificent.arweave.net,https://www.ao.link/#/entity/m5qxHEGlK__jCz-Am82sndh_AbJJ5VUT9idIfIv5vsQ,https://www.ao.link/#/entity/F3_DMBJqgFJig5NqnKWKw3krNdk1bifNdyacdZ3QMac
https://0xagletdoteth.arweave.net,https://www.ao.link/#/entity/SM5m0gfPcDEirzBWrH_kaTIt6BbE0kG8EN9OjAjjkN4,https://www.ao.link/#/entity/lKjRho7f0ejWDTKQdc1tElqF2RV-jlVp3JPR1vqLqmw
https://aksamlan.arweave.net,https://www.ao.link/#/entity/DD_betsZD_MSB0PhT0sNvlVHMK81SHR2DGiQrhdX0do,https://www.ao.link/#/entity/9oqMfuQWZ6QNPzu4ZZcXCQuD6SVFtUK7hbxOmlfrWpI
https://permadao.arweave.net,https://www.ao.link/#/entity/B2ljcyTm9IkFu-h3vluNqHFrJ7J1WcMWf56lOTHEJ3U,https://www.ao.link/#/entity/RxXveA7kNveQbhzPiidvSybP6ikwMYMzYQW3IQ50Xcc
https://telegram.arweave.net,https://www.ao.link/#/entity/Mhb7WvmFrZCKC43fd4pifVOE9hlbf1r7uP-TFDkOXZk,https://www.ao.link/#/entity/XOXxc-49xz_ElNmMed58mmEn-rn-yFEDYhEsDsPKAwg
https://pavarotti.arweave.net,https://www.ao.link/#/entity/1OXzhtq665mahE-JoDHhrISXYszzJFgzd6-t64Dntg0,https://www.ao.link/#/entity/h7wP8NjoGkJTdLXC6kwS6fLTNgfeYbZr9YoED5NFQX0
https://omphalos.arweave.net,https://www.ao.link/#/entity/Tomt_BCsr0yXyEftf4u7cXhekCHMH3WXJwyrtPLJjhg,https://www.ao.link/#/entity/7waR8v4STuwPnTck1zFVkQqJh5K9q9Zik4Y5-5dV7nk
https://goldsky.arweave.net,https://www.ao.link/#/entity/MwZKBUmTJ7x-pO2Fj38O3WmARCX3krPG_YJjTYdBlks,https://www.ao.link/#/entity/7waR8v4STuwPnTck1zFVkQqJh5K9q9Zik4Y5-5dV7nk
https://justdaoit.arweave.net,https://www.ao.link/#/entity/p5_sBv3AMMqZLwl9aU6niDaQnicqWzZhr0PZroNlLMQ,https://www.ao.link/#/entity/_izWq_r55uJyHnWi-GZJUnU6BZBf3UHBnwWt26ReLzM
https://test-123123123123123123123123123.arweave.net,https://www.ao.link/#/entity/lPkM4Z2h89GFnCoHxFmMPS79LwQLI850U6UEl0KkVbA,https://www.ao.link/#/entity/7waR8v4STuwPnTck1zFVkQqJh5K9q9Zik4Y5-5dV7nk
https://blogs.arweave.net,https://www.ao.link/#/entity/mMAfp0SG1hHazjgk5KcHP-VjcG8-LOp8N1MpPZzA6CI,https://www.ao.link/#/entity/7waR8v4STuwPnTck1zFVkQqJh5K9q9Zik4Y5-5dV7nk
https://quartz2.arweave.net,https://www.ao.link/#/entity/xyd2UITdGSSgBxCSrov0-ttUAZ_pOyVQWr-rOM0QPzw,https://www.ao.link/#/entity/N4h8M9A9hasa3tF47qQyNvcKjm4APBKuFs7vqUVm-SI
https://thelordoftherings.arweave.net,https://www.ao.link/#/entity/Fo6FdU-hr03dBNHN3DGg4_US8Z40PFmuqjY_PkgCUCI,https://www.ao.link/#/entity/zFBm5PN2a8AFoDivZ4cBOmspBiENWBdXz15rEXpGxC4
https://privacy.arweave.net,https://www.ao.link/#/entity/DDLc2If_O7Jkh6xvX_QBKVsDHc7oPXxJhYwGzbguHX0,https://www.ao.link/#/entity/zwYLgYCdECfO4S62oBMJXhvkVFL--24qJCa5E_-BnGM
https://erenyanik1234.arweave.net,https://www.ao.link/#/entity/dxGkkcbduEYglxqGh1-qbUDVrxIaD_mQqIWoJzSwr68,https://www.ao.link/#/entity/PE0gBR0wwHlNA4k4He0K3iYc-EKPqjgm7dG65T9pNiw
https://0xsav-xyz.arweave.net,https://www.ao.link/#/entity/qcjFwsIk1KNVrs8iCzVJpS45nVYd07Gf1JiKUpgTnK4,https://www.ao.link/#/entity/1gQCULHEJg2dryFHqRvqHpy0TYC39xu0Vm6XImGsJn0
https://hockeyshits.arweave.net,https://www.ao.link/#/entity/OOrTXhDKslFUcB1k8Ht7KMcZ9eeSj1DSNRT8vQ0s0Cc,https://www.ao.link/#/entity/7waR8v4STuwPnTck1zFVkQqJh5K9q9Zik4Y5-5dV7nk
https://atticus.arweave.net,https://www.ao.link/#/entity/AEHwlabQkCuw1RNTNiJFXE5RoF82nGJZJ8C-A9qDq-k,https://www.ao.link/#/entity/7waR8v4STuwPnTck1zFVkQqJh5K9q9Zik4Y5-5dV7nk
https://musik.arweave.net,https://www.ao.link/#/entity/nYxZyajrVnL5AQM7ZxaGUmyXx7nin2asTfrCFod9bGk,https://www.ao.link/#/entity/N4h8M9A9hasa3tF47qQyNvcKjm4APBKuFs7vqUVm-SI
https://gi-argen.arweave.net,https://www.ao.link/#/entity/cYYNtfF4CCdrFYHXAEj1_8UYsS60lvMeQ3bqfzGS-_c,https://www.ao.link/#/entity/9jfM0uzGNc9Mkhjo1ixGoqM7ygSem9wx_EokiVgi0Bs
https://dtf.arweave.net,https://www.ao.link/#/entity/j2CetgCJlRhiuoqtxEWkXjaaar-KvxqI3i8d0K7Grqo,https://www.ao.link/#/entity/ZjmB2vEUlHlJ7-rgJkYP09N5IzLPhJyStVrK5u9dDEo
https://dylan.arweave.net,https://www.ao.link/#/entity/EY3TU_B8pr2EVoMEiSM-tkAwZo1oTkyGE-PvawXTChc,https://www.ao.link/#/entity/ZjmB2vEUlHlJ7-rgJkYP09N5IzLPhJyStVrK5u9dDEo
https://home2.arweave.net,https://www.ao.link/#/entity/zUbuzmOofj6UIQGME0jRzZ6ZzWztbjzqJCr0hnh37iw,https://www.ao.link/#/entity/9jfM0uzGNc9Mkhjo1ixGoqM7ygSem9wx_EokiVgi0Bs
https://cloudy.arweave.net,https://www.ao.link/#/entity/9_hpPfZl46K_FP8elJbu7sk06L3C_PDKZQ2qIcjMDaM,https://www.ao.link/#/entity/9jfM0uzGNc9Mkhjo1ixGoqM7ygSem9wx_EokiVgi0Bs
https://home.arweave.net,https://www.ao.link/#/entity/KZKT8syHJTA-LP3iDWwOr1rUQVbG9pIplpu5o2Ji-ik,https://www.ao.link/#/entity/9jfM0uzGNc9Mkhjo1ixGoqM7ygSem9wx_EokiVgi0Bs
https://we-will-we-will-rock-you.arweave.net,https://www.ao.link/#/entity/CdXz3htNEv9mJ8Iw9a8Ehg4ucUGhPE6ezWRa3cTfI9M,https://www.ao.link/#/entity/iKryOeZQMONi2965nKz528htMMN_sBcjlhc-VncoRjA
https://pochoclo.arweave.net,https://www.ao.link/#/entity/0eWWVUr784o-1IuTWJI6qLPTlxVO_eUow5vBABtVP-4,https://www.ao.link/#/entity/9jfM0uzGNc9Mkhjo1ixGoqM7ygSem9wx_EokiVgi0Bs
https://bionica.arweave.net,https://www.ao.link/#/entity/3Gg8v0J8SrCRgqLWVj8XQ59CnAm6Ie5306Zcj1Ma8j8,https://www.ao.link/#/entity/9jfM0uzGNc9Mkhjo1ixGoqM7ygSem9wx_EokiVgi0Bs
https://quartz1.arweave.net,https://www.ao.link/#/entity/2b08WiXKuFcJE9ed_mR23PFbpkuHgVdOHy-32sr2nVE,https://www.ao.link/#/entity/N4h8M9A9hasa3tF47qQyNvcKjm4APBKuFs7vqUVm-SI
https://doorman.arweave.net,https://www.ao.link/#/entity/c4Gwrkbi-K1V6XyXWazHC-uZPaoO_8as8wZzm9207ss,https://www.ao.link/#/entity/jt19WluLXKr9lcostp_XNmXRmpdxM4VwmXbmyDLoyNM
https://undefined.arweave.net,https://www.ao.link/#/entity/_cYlKEs4_R8y3ANW9-N6h3pjOPuzOjom5xgxvRptlS4,https://www.ao.link/#/entity/7waR8v4STuwPnTck1zFVkQqJh5K9q9Zik4Y5-5dV7nk
https://joose.arweave.net,https://www.ao.link/#/entity/0JStxBpBBDHscNhJKfWF-AKjv5nXityOg1I1ejMZS3E,https://www.ao.link/#/entity/ZjmB2vEUlHlJ7-rgJkYP09N5IzLPhJyStVrK5u9dDEo
https://eth-node-map.arweave.net,https://www.ao.link/#/entity/7KKATdvzO4dIRg9dUQDvz7_4uxDOGOXDSW4RFyei2ZU,https://www.ao.link/#/entity/cTAjCmyteUycFexytR8s8xJ8y6UhYjN6qNFTqVXny-c
https://ator-dashboard.arweave.net,https://www.ao.link/#/entity/9UpvN6H7sMo0vkuQeou3Ra0pZguWavtpt_8lfqPQlI8,https://www.ao.link/#/entity/jp0QaS_Zai2hGaB-yRvAIMEtodmH_iHr0drpZxAZQtU
https://mercurius.arweave.net,https://www.ao.link/#/entity/Fb52Pt8oKlQ47a42LnrqSOBzeZ9wFCRwxZFOvyI4NzU,https://www.ao.link/#/entity/7waR8v4STuwPnTck1zFVkQqJh5K9q9Zik4Y5-5dV7nk
https://tufan55.arweave.net,https://www.ao.link/#/entity/qYn9BQSwllxGUa7L3AHW1AhOILv18miatqHJCnFhMxE,https://www.ao.link/#/entity/PQ8xSukxl8hFgP8wwGQBvCAJpevAmjfNVsH8TORJeEM
https://testing-arns.arweave.net,https://www.ao.link/#/entity/iZvq-WoOcX1NLvhAYl9JxDO7_mPmzKgc9VoNz8QJlcE,https://www.ao.link/#/entity/9jfM0uzGNc9Mkhjo1ixGoqM7ygSem9wx_EokiVgi0Bs
https://gi-arg.arweave.net,https://www.ao.link/#/entity/giH300O1d4ny5q5Bfe5advWfSKpKQqhbdg1v3K3uf7w,https://www.ao.link/#/entity/9jfM0uzGNc9Mkhjo1ixGoqM7ygSem9wx_EokiVgi0Bs
https://kahvenodes.arweave.net,https://www.ao.link/#/entity/L6SwRz6JlkJFgqZfi7pwmSo_iWMULgh7BevesbO4iJk,https://www.ao.link/#/entity/EUc8hlu2jMeMRC8rF14OMJ8k5jZ9Mu-eAidjw_a5Vtw
https://scripture.arweave.net,https://www.ao.link/#/entity/KMZJESkAVvnPcnXyZtSvJdBXaNn2NQ0YgG8i92_HXhA,https://www.ao.link/#/entity/7oqF5rsBLc8MqWnrOHloVjixlbpfT7IdFqRQfyaNLOg
https://permaverse.arweave.net,https://www.ao.link/#/entity/xEsX-SgllRSCahiq921sdnEai_YSvB75zZiHGh_V1V4,https://www.ao.link/#/entity/vRrw1H_bgr2gF_7dtrkVN6kjmtXkKAA4BwJH8JXE2ys
https://lasvegas.arweave.net,https://www.ao.link/#/entity/aMlXh7zmPYxhsOj0nGEcw53sStc14_x6Gq4IRA5FjWI,https://www.ao.link/#/entity/VpQbuBvi3_PDMH0-_bYnP69cqgC8gwJEwCCHrejHDTE
https://hoodrats.arweave.net,https://www.ao.link/#/entity/8jqjB0oZ20e0yIeUlTFOgdVei0_hBNAYxSwKuxf7_dw,https://www.ao.link/#/entity/jt19WluLXKr9lcostp_XNmXRmpdxM4VwmXbmyDLoyNM
https://gold-prices-turkish-lira.arweave.net,https://www.ao.link/#/entity/DDLuTcTV8vI1SuBEKPap-TjOCMKBHEKo_vgVzvAyamk,https://www.ao.link/#/entity/cTAjCmyteUycFexytR8s8xJ8y6UhYjN6qNFTqVXny-c
https://mulosbron.arweave.net,https://www.ao.link/#/entity/GRDN4wqApzYlb6u1-ghvpyBWK9fgCKc81PD1-azMBIY,https://www.ao.link/#/entity/cTAjCmyteUycFexytR8s8xJ8y6UhYjN6qNFTqVXny-c
https://agentfi.arweave.net,https://www.ao.link/#/entity/oB_-zuWSqNoNySsfZigczhLeW_9Gi-0DWlKlXRsI_Cg,https://www.ao.link/#/entity/VpQbuBvi3_PDMH0-_bYnP69cqgC8gwJEwCCHrejHDTE
https://lucifer.arweave.net,https://www.ao.link/#/entity/7UhkO2OgeuaJfxGZKv1acBclSCd2mjCcCGOEES16PAA,https://www.ao.link/#/entity/SamNhE8JBi3R7Pn6ovDmxB7fB0CocDWj48p3-q6551w
https://memeticblock.arweave.net,https://www.ao.link/#/entity/e4GoL4GPESEst0WSUiYanjHk84XaQKBazagZ9bmshik,https://www.ao.link/#/entity/Uy2XZ7P7F4zBllF5uPdd1ih9jiQrIGvD3X8L13cc5_s
https://dumdum.arweave.net,https://www.ao.link/#/entity/Hy1l8UAvIfZ-NrnmrKXpM10fUeQ6mjcZqM49TeQZYyQ,https://www.ao.link/#/entity/vRrw1H_bgr2gF_7dtrkVN6kjmtXkKAA4BwJH8JXE2ys
https://simonfriend.arweave.net,https://www.ao.link/#/entity/KmcfDHaSEHiJHv5qWUBpXfj0JzRgh6f5sZGCsEr6LBc,https://www.ao.link/#/entity/vRrw1H_bgr2gF_7dtrkVN6kjmtXkKAA4BwJH8JXE2ys
https://currency.arweave.net,https://www.ao.link/#/entity/jwVUWLFaU9cJLFFHdb2jBDpDcXDERWaRW80avNvvVqQ,https://www.ao.link/#/entity/gNtqBbe36vG6orxnItK4pENW4VB1wlTmGnVs0nQO_4k
https://onlyfans.arweave.net,https://www.ao.link/#/entity/X_mKJudv_3c7senJjpdG9PgWUsieaT4R70ed_M5ilKY,https://www.ao.link/#/entity/ASmlSjfxHOqJVXKVPXCqCw8vsey_eBpu6F1MmnRhYS8
https://insurance.arweave.net,https://www.ao.link/#/entity/q9ELObcYxdLjEHpa43KMsHALANXBTjdY20P_XP_9-Ao,https://www.ao.link/#/entity/74KcZ678lwG96ZxhZRmZKf3erEQe7WAcjPZtUZ3u10E
https://freedom.arweave.net,https://www.ao.link/#/entity/LrixeNbg6dxFMYpRiR6MB1FNBZhZsV0uCn0Mp8NRSb0,https://www.ao.link/#/entity/enMTr4rGpzcmno1W4RgihNfa2haOIuJoRD6OxSEvdH8
https://transformer.arweave.net,https://www.ao.link/#/entity/9isTGjJpiz1QaLkVOZ0ovkjQwAXlsmWDsZ2h6uDNLTQ,https://www.ao.link/#/entity/VpQbuBvi3_PDMH0-_bYnP69cqgC8gwJEwCCHrejHDTE
https://aoeffect3d.arweave.net,https://www.ao.link/#/entity/WaVR4JluqWJuMQCVyPZYQtjv7agbtQiOtK9VuI8beLc,https://www.ao.link/#/entity/vRrw1H_bgr2gF_7dtrkVN6kjmtXkKAA4BwJH8JXE2ys
https://blackjack.arweave.net,https://www.ao.link/#/entity/1NroE5BWvZXvoSuQLuXRvRPaHTLZS940zgAxwG_1mcA,https://www.ao.link/#/entity/cF0H0SKdnaDTqWKY9iJKBktTpdEWgb3GnlndE7ABv0Q
https://project-kardeshev.arweave.net,https://www.ao.link/#/entity/cxOF_wU-m9201A9sKsYlO02wQSOMz2dYGsJanwRjCcI,https://www.ao.link/#/entity/7waR8v4STuwPnTck1zFVkQqJh5K9q9Zik4Y5-5dV7nk
https://elonmask.arweave.net,https://www.ao.link/#/entity/qWavgQ0-4YUrt4DXheMr3mEJa1wRfhUQU2dVbLWqcm4,https://www.ao.link/#/entity/PQ8xSukxl8hFgP8wwGQBvCAJpevAmjfNVsH8TORJeEM
https://brandywine.arweave.net,https://www.ao.link/#/entity/jxUdVJpH0XtxBj7qWUqzXBAFxFEWU7Ut9-0yFLjyrw8,https://www.ao.link/#/entity/7waR8v4STuwPnTck1zFVkQqJh5K9q9Zik4Y5-5dV7nk
https://capthowdy.arweave.net,https://www.ao.link/#/entity/Up-JrNigEEaRJBwv46bqPm4deKDpnXbYNfIsNWMAdqk,https://www.ao.link/#/entity/pwyAXuyxp-RYgYIearOu-2aLxfe-RXHMQ_wSyXPIjOg
https://chatgpt.arweave.net,https://www.ao.link/#/entity/O4hzPDE-zM3nnuDDE0ckJ03uEn1lJ-oFgqkJpdF_nGs,https://www.ao.link/#/entity/ZjmB2vEUlHlJ7-rgJkYP09N5IzLPhJyStVrK5u9dDEo
https://betteridea.arweave.net,https://www.ao.link/#/entity/GQHHwkENiE0MFkTVVgl2GGYeAYJhk5Itdp-5nBQBFns,https://www.ao.link/#/entity/8iD-Gy_sKx98oth27JhjjP2V_xUSIGqs_8-skb63YHg
https://autonomous.arweave.net,https://www.ao.link/#/entity/uDmve8y2xmPZyX_J027KxBOcj4-eC3lRHdyra8BzT8c,https://www.ao.link/#/entity/gLQ1no4xBR9H2hzw7F4fYVA7VI_Z5phiB1t0ZKIH2Go
https://forum.arweave.net,https://www.ao.link/#/entity/elNkIMGCKTSuKmdDOmzBnjBNtw5bihrCMpKe4daGUts,https://www.ao.link/#/entity/7waR8v4STuwPnTck1zFVkQqJh5K9q9Zik4Y5-5dV7nk
https://stats.arweave.net,https://www.ao.link/#/entity/TAg9LVaOAyXljJL9z45hjxMqGI26AMaKEZKl8WudqXo,https://www.ao.link/#/entity/7waR8v4STuwPnTck1zFVkQqJh5K9q9Zik4Y5-5dV7nk
https://giggitygiggitygoo.arweave.net,https://www.ao.link/#/entity/oUdfMGGVjpFez2LFRdv3RKJgMn_9x0tqr9OVqbCd_Sw,https://www.ao.link/#/entity/7waR8v4STuwPnTck1zFVkQqJh5K9q9Zik4Y5-5dV7nk
https://kanshi.arweave.net,https://www.ao.link/#/entity/ew1LD8bPpcuaTLup_-N2mCUITOT4EieuuUbiFfUD_ao,https://www.ao.link/#/entity/gLQ1no4xBR9H2hzw7F4fYVA7VI_Z5phiB1t0ZKIH2Go
https://captvicky.arweave.net,https://www.ao.link/#/entity/Hjo6pu-bJnba4KU-seVwCegQpt6POYdZc65gx6MSMrk,https://www.ao.link/#/entity/pwyAXuyxp-RYgYIearOu-2aLxfe-RXHMQ_wSyXPIjOg
https://sourpups.arweave.net,https://www.ao.link/#/entity/2aIZ4AH9alnGp9CVROKi81FjMInBbIhIJCzC1b6V5nM,https://www.ao.link/#/entity/jt19WluLXKr9lcostp_XNmXRmpdxM4VwmXbmyDLoyNM
https://artbycity.arweave.net,https://www.ao.link/#/entity/1M6fcPC3cHcfBKbiCAymyTHRaZx2nTul-QvFRAqQPJQ,https://www.ao.link/#/entity/Uy2XZ7P7F4zBllF5uPdd1ih9jiQrIGvD3X8L13cc5_s
https://erenynk.arweave.net,https://www.ao.link/#/entity/QAwxBANzw_wdnA0p6rO9EGVX5lYZ_NDfBbCqOLh8aF4,https://www.ao.link/#/entity/PE0gBR0wwHlNA4k4He0K3iYc-EKPqjgm7dG65T9pNiw
https://stevards.arweave.net,https://www.ao.link/#/entity/jdr0BJ0eKfvR-GIaTa6PuQIJ3BAuOX1TFuqIeXJVEBI,https://www.ao.link/#/entity/T0EdDRDngav9ovQFkgOxp5jh_ZyRF53_Mvzex-wKs4I
https://ant-phonebook.arweave.net,https://www.ao.link/#/entity/pJHSmq271t1jGXT9ElAkaAcd5MWUowUGMn9zcKL9xS8,https://www.ao.link/#/entity/iKryOeZQMONi2965nKz528htMMN_sBcjlhc-VncoRjA
https://wanbirosy.arweave.net,https://www.ao.link/#/entity/vOVsRs7kO6KZQxgegjT27PucXd0GPiLiPDJSXHiCgVE,https://www.ao.link/#/entity/ilPssxyM5rA-RdQEusYwP2iNC6kMzSHMA1JaBqxD9Jg
https://elephant.arweave.net,https://www.ao.link/#/entity/mKma4RpIkBdd0iBsPPoNW-dbOFe5ZaOhE41nPymGFA0,https://www.ao.link/#/entity/iKryOeZQMONi2965nKz528htMMN_sBcjlhc-VncoRjA
https://iblisalpin8117.arweave.net,https://www.ao.link/#/entity/2cVyaA-PnwKeoR4AU1Ib9wLVCS03AkLvWsQnBEPx8cQ,https://www.ao.link/#/entity/jpPWBpBN9amvVPjP_v5XlnEu7U8TAaTqPlJ2cbREe4U
https://alacazam.arweave.net,https://www.ao.link/#/entity/b558lDRKoGvtovc2KLC_kkwwg5QQtzyHiGUkvKH6Hlw,https://www.ao.link/#/entity/7waR8v4STuwPnTck1zFVkQqJh5K9q9Zik4Y5-5dV7nk
https://permagate.arweave.net,https://www.ao.link/#/entity/GQvFTAAi-oZn9f0txkajnVU18hlJKeOI2eqYOv3M8cg,https://www.ao.link/#/entity/ZjmB2vEUlHlJ7-rgJkYP09N5IzLPhJyStVrK5u9dDEo
https://udemycourse.arweave.net,https://www.ao.link/#/entity/-pOLo5xSlg-v-ddQJ7iPnYNz1DApgvfZuNwmRvqR5Qg,https://www.ao.link/#/entity/F3_DMBJqgFJig5NqnKWKw3krNdk1bifNdyacdZ3QMac
https://lmfao.arweave.net,https://www.ao.link/#/entity/_4h8k2qVDfWIFcUj-H1JQQZ8Wf2OtZVbJLFMRMyHtOM,https://www.ao.link/#/entity/7waR8v4STuwPnTck1zFVkQqJh5K9q9Zik4Y5-5dV7nk
https://hexamz22.arweave.net,https://www.ao.link/#/entity/iU1raQ051pQgCZr00ojB0poRkV5BquTiAQcWem1gXtw,https://www.ao.link/#/entity/eSRbMNB_wkZiiVeu2Axw5OC9AnRV-zU-vj_WDPbX-JY
https://wedwedwedwedwedwedwedwe.arweave.net,https://www.ao.link/#/entity/0J6nqIwoqb4SHvQbimmI1bXHt3LRDpQ7xrlTT2VSybc,https://www.ao.link/#/entity/7waR8v4STuwPnTck1zFVkQqJh5K9q9Zik4Y5-5dV7nk
https://23e23e23wdasdadsadasd.arweave.net,https://www.ao.link/#/entity/h96dZOjE1dJQbAaWZJ72VvzLoimi2HWIF0oA5NZoNtc,https://www.ao.link/#/entity/7waR8v4STuwPnTck1zFVkQqJh5K9q9Zik4Y5-5dV7nk
https://23e23e23e2dsdasd.arweave.net,https://www.ao.link/#/entity/Nr421l-szca7LHwdz36OaGm1YF6FbJaL60R-L5r4d-4,https://www.ao.link/#/entity/7waR8v4STuwPnTck1zFVkQqJh5K9q9Zik4Y5-5dV7nk
https://23e23e23e23e.arweave.net,https://www.ao.link/#/entity/R036tR_T2lRZom0qvP8ZTp7n_GX6CgMmXI6BAhagubo,https://www.ao.link/#/entity/7waR8v4STuwPnTck1zFVkQqJh5K9q9Zik4Y5-5dV7nk
https://sametyuksel.arweave.net,https://www.ao.link/#/entity/UbhdvTnK9ZjQQ65B1ZnCxiGVT1aPfhC6eeXHp79cTp8,https://www.ao.link/#/entity/PQ8xSukxl8hFgP8wwGQBvCAJpevAmjfNVsH8TORJeEM
https://dddddddddddwedwedwedwdwedwed.arweave.net,https://www.ao.link/#/entity/5WyHcMt86ykRLldjAjeDplUWPjvKHwlt35RmBTTMMLo,https://www.ao.link/#/entity/7waR8v4STuwPnTck1zFVkQqJh5K9q9Zik4Y5-5dV7nk
https://aralperkanli.arweave.net,https://www.ao.link/#/entity/NBP8bWKaw3k6MWOyHqgF8sWEyrgQ-jppwOFj0wQ9NiE,https://www.ao.link/#/entity/-C5AiYcMmrOFHrnQwhJg1Xtzhz23T0zNB0ACge1otHs
https://erenyank.arweave.net,https://www.ao.link/#/entity/2cwBxr7aOEpThnbT57zH_ZC_34042z9Zp-OsMpzclDo,https://www.ao.link/#/entity/PE0gBR0wwHlNA4k4He0K3iYc-EKPqjgm7dG65T9pNiw
https://astronation.arweave.net,https://www.ao.link/#/entity/oCFLdfOKuZfBlhH2VOPJ4uoKIn0Ngro_2PUfviNV6-M,https://www.ao.link/#/entity/FzvJt_e15jjz3rx6yExApgIIi-JxemoRzT4b5yvQOfQ
https://katsumii.arweave.net,https://www.ao.link/#/entity/H7d1TfqEOBSggy1p_7O6KV6_WnOLtpRKwNnNs4OVEBk,https://www.ao.link/#/entity/sQ32BruFcrHMjfnr9To0X63WkRq7k-5NWNC865OwX8g
https://istanbul.arweave.net,https://www.ao.link/#/entity/Sc3i63ATgFu2Zu2fBlObkh6AK-voXhy6YvcDu1_90A0,https://www.ao.link/#/entity/YcPEBPK-oS5IUxtVgICcl3DdfhfVJfui5LkBss805SQ
https://finalcountdown.arweave.net,https://www.ao.link/#/entity/Oqy-eA8gqxvXNHFTHHY_3KxpCYD6TFrM_wFRjoI6o8o,https://www.ao.link/#/entity/XX4ssz8MKbXvbVXhBRl84TWDDwkkme96lMkjpL7IpXs
https://priceless.arweave.net,https://www.ao.link/#/entity/Oqy-eA8gqxvXNHFTHHY_3KxpCYD6TFrM_wFRjoI6o8o,https://www.ao.link/#/entity/XX4ssz8MKbXvbVXhBRl84TWDDwkkme96lMkjpL7IpXs
https://baristestnet.arweave.net,https://www.ao.link/#/entity/cXsC-wKlqpD2Kv-Yo0ymZBoSpLtPGCrX1CFx4CYCmHM,https://www.ao.link/#/entity/ty5YtynhdixPERscueTiOl1KA4Y69HNrAaJ2H_2sBh8
https://maclaurino.arweave.net,https://www.ao.link/#/entity/XxzyFCFSAaZVb1XDmT6rdbTQ4Z2fbJiIhk7bsXJUaY0,https://www.ao.link/#/entity/YlDY5URaAmLNcg5BfqQHKl6-_tIIuHfp5oPjpaqLX6w
https://elonmusk.arweave.net,https://www.ao.link/#/entity/tXFxCK66NihZ4CwiSASeQyA7V9qEe9GFUgmIowt2jlk,https://www.ao.link/#/entity/zFBm5PN2a8AFoDivZ4cBOmspBiENWBdXz15rEXpGxC4
https://vevivo-arts.arweave.net,https://www.ao.link/#/entity/-SegIQdilqB2Wsmb_mLpaU51GynMRhiMn3a7TXoRDbw,https://www.ao.link/#/entity/ciQ7RQ8QPPv3bGoMfN2SlYIr0n8ZDLZ7_aDW-hM9pLQ
https://murdock.arweave.net,https://www.ao.link/#/entity/MbUXX8xzbET09U-54cSx7xzu6YKRToV-DLa1vxCXgz8,https://www.ao.link/#/entity/sGFELtEuPILB5H3uv9fS8Y23IHyB1G53JEdNBvGtyy0
https://herculesnode.arweave.net,https://www.ao.link/#/entity/5zE1iTiSOGj6ZWrHvIoV-GRbfRKHg30-nh4Y_97VyL8,https://www.ao.link/#/entity/oHl168xaaIWAi53qY8G0Y4EbwXe41Dix0LbdvcdvLvw
https://winstontheelephant.arweave.net,https://www.ao.link/#/entity/zRh5VJaPHKLFRpUd97mR9OAhVnSvXAkCSTk8PV2KbEw,https://www.ao.link/#/entity/8s8ABYc_1oDZ553UKXLIzsUie48xc6V88Q1hPtky4C8
https://scatter.arweave.net,https://www.ao.link/#/entity/AzhU5_VDwOVAKuJZUxsXMQdTmL6xP9CAoDbxV0A78zU,https://www.ao.link/#/entity/cF0H0SKdnaDTqWKY9iJKBktTpdEWgb3GnlndE7ABv0Q
https://smartweaver.arweave.net,https://www.ao.link/#/entity/MwZKBUmTJ7x-pO2Fj38O3WmARCX3krPG_YJjTYdBlks,https://www.ao.link/#/entity/7waR8v4STuwPnTck1zFVkQqJh5K9q9Zik4Y5-5dV7nk
https://piggybank.arweave.net,https://www.ao.link/#/entity/m4IvxDKevLloYv26lVtsH6VWFTlAT9Er1Wwhr9a5f9U,https://www.ao.link/#/entity/7waR8v4STuwPnTck1zFVkQqJh5K9q9Zik4Y5-5dV7nk
https://ankushkun.arweave.net,https://www.ao.link/#/entity/9BbxfQftyV3N_rqQQ6ByQvXBd9RhNmWT7mBxr4-9vC4,https://www.ao.link/#/entity/8iD-Gy_sKx98oth27JhjjP2V_xUSIGqs_8-skb63YHg
https://twilight.arweave.net,https://www.ao.link/#/entity/knoI8JHNgUqbyMfXyY6pHJVhY_FvBCqb4wRCp-lcQSM,https://www.ao.link/#/entity/s5rsm5S3YI7hPmsdFGRViTY9uiXWXQ64VOey5-dNngU
https://good-morning.arweave.net,https://www.ao.link/#/entity/QK9TVKWwAfnxlDYi3MTeLWjYYh6p2_ypDodtPFOpuUE,https://www.ao.link/#/entity/cF0H0SKdnaDTqWKY9iJKBktTpdEWgb3GnlndE7ABv0Q
https://labarberiaweb3.arweave.net,https://www.ao.link/#/entity/w4sQfiy6XiOUBrNWq8t-2DVwbXqhHTYGf9pcugiYquE,https://www.ao.link/#/entity/jt19WluLXKr9lcostp_XNmXRmpdxM4VwmXbmyDLoyNM
https://labarberia.arweave.net,https://www.ao.link/#/entity/CbAhS9iSe6mggye65TNlZHFiQ7_zD2muDROw3S35Op4,https://www.ao.link/#/entity/jt19WluLXKr9lcostp_XNmXRmpdxM4VwmXbmyDLoyNM
https://erenyanik.arweave.net,https://www.ao.link/#/entity/yak0FmaTwzMITUt7Pb4G_eDN38MAFR1XrFjHYe9C_Oo,https://www.ao.link/#/entity/PE0gBR0wwHlNA4k4He0K3iYc-EKPqjgm7dG65T9pNiw
https://heygoaudio.arweave.net,https://www.ao.link/#/entity/tiG-RL0FeVnDBLAey4TM8qzY3gm-uJUg8jkD6C-zg-k,https://www.ao.link/#/entity/s5rsm5S3YI7hPmsdFGRViTY9uiXWXQ64VOey5-dNngU
https://omersukrubektas.arweave.net,https://www.ao.link/#/entity/MbUXX8xzbET09U-54cSx7xzu6YKRToV-DLa1vxCXgz8,https://www.ao.link/#/entity/sGFELtEuPILB5H3uv9fS8Y23IHyB1G53JEdNBvGtyy0
https://weavestan.arweave.net,https://www.ao.link/#/entity/1bQXX3d-RYcj6Q5hxwdQ2l9u8pkrnD-WA9fZ4DzQbR0,https://www.ao.link/#/entity/s5rsm5S3YI7hPmsdFGRViTY9uiXWXQ64VOey5-dNngU
https://afiqhaekal.arweave.net,https://www.ao.link/#/entity/ah4psM5x3jaAsfeiSlVf-b-Tv-maNRw5FD8ebH8NsEk,https://www.ao.link/#/entity/sQ32BruFcrHMjfnr9To0X63WkRq7k-5NWNC865OwX8g
https://optimysthic.arweave.net,https://www.ao.link/#/entity/T8nNwAxW3nWo7Lw255-6IVXFOwxYwEqkzgvfDuxcK-g,https://www.ao.link/#/entity/eWIndWPgafim4UZh4pKCQGrA820gbas7_flQUYfTxi4
https://look-at-my-potato.arweave.net,https://www.ao.link/#/entity/CuysBSP9QyBIachvdqPfDMzAVotex_KYnT8RrCcLBQc,https://www.ao.link/#/entity/cF0H0SKdnaDTqWKY9iJKBktTpdEWgb3GnlndE7ABv0Q
https://mustafakaya.arweave.net,https://www.ao.link/#/entity/vO5hsNSdFgZ5KdTtn1Hi_7d-jn8VGX4X8QzTLAr0E0U,https://www.ao.link/#/entity/LY89WeNXvTn_NFT-KVV6HPcPVB5qpSq1ug25TScwlq0
https://secretsubject.arweave.net,https://www.ao.link/#/entity/8NjCKYZCY6VwFGMd3usSHe3sFXueNgI3_WTMMYmUrj0,https://www.ao.link/#/entity/-C5AiYcMmrOFHrnQwhJg1Xtzhz23T0zNB0ACge1otHs
https://vevivoofficial.arweave.net,https://www.ao.link/#/entity/gkIJj5v2Ax3_0GKKJJKDJL4haeP4TmMRKtnLYmOR_JE,https://www.ao.link/#/entity/ciQ7RQ8QPPv3bGoMfN2SlYIr0n8ZDLZ7_aDW-hM9pLQ
https://shapezero.arweave.net,https://www.ao.link/#/entity/248cRyldftI-Mim-7oUPSJVSuH8Sl6C3z3oZ2N6zPG8,https://www.ao.link/#/entity/SqEQ2UZcI6s4yU8jQMnmxSBmu1XYBg_eHoivzxYljU0
https://elessardarken.arweave.net,https://www.ao.link/#/entity/6dzkJF5eQI1XIPKwIoTl8kmnlJDebwZqMzKLrCx_AGE,https://www.ao.link/#/entity/YcPEBPK-oS5IUxtVgICcl3DdfhfVJfui5LkBss805SQ
https://kingsharald.arweave.net,https://www.ao.link/#/entity/aAZxyxxDG72CuHgWizIHqYfUDsS59H1XNcoGwKLMHBU,https://www.ao.link/#/entity/XX4ssz8MKbXvbVXhBRl84TWDDwkkme96lMkjpL7IpXs
https://supermarket.arweave.net,https://www.ao.link/#/entity/X5ciw9AVQwJqaGpNlJUykidrJOzmeBp9qZJ9R-ttsa0,https://www.ao.link/#/entity/h7wP8NjoGkJTdLXC6kwS6fLTNgfeYbZr9YoED5NFQX0
https://permamusic.arweave.net,https://www.ao.link/#/entity/LzbAo2cc-IH1hECoJusGee-qm_p7jVWxpeTSVjoZLZA,https://www.ao.link/#/entity/h7wP8NjoGkJTdLXC6kwS6fLTNgfeYbZr9YoED5NFQX0
https://permanent.arweave.net,https://www.ao.link/#/entity/lwEL3F6xypjUDTWAFhtXWi4nbbOQoupse2o1GJ_5N8I,https://www.ao.link/#/entity/h7wP8NjoGkJTdLXC6kwS6fLTNgfeYbZr9YoED5NFQX0
https://kooooooooooooooooool.arweave.net,https://www.ao.link/#/entity/noyYYkyQ-xyROuRlkjKQZr0YJWWMj_Uh3nr838YV7lE,https://www.ao.link/#/entity/7waR8v4STuwPnTck1zFVkQqJh5K9q9Zik4Y5-5dV7nk
https://atomic-ant-7.arweave.net,https://www.ao.link/#/entity/1zlugsRdQ9eCnv1vZlX--qRrHdgfX5RIZUH0PlupFBI,https://www.ao.link/#/entity/ZjmB2vEUlHlJ7-rgJkYP09N5IzLPhJyStVrK5u9dDEo
https://dontchyawishyourant.arweave.net,https://www.ao.link/#/entity/_43dHekRmc0BI9AZqc1JqPIp4SmmY2hsAJ1smunoP2E,https://www.ao.link/#/entity/7waR8v4STuwPnTck1zFVkQqJh5K9q9Zik4Y5-5dV7nk
https://new-ant-for-demo-tod.arweave.net,https://www.ao.link/#/entity/qP6AtpOhnNU1gjcM2AMD96s7bWZDkOioDaITWCE98bI,https://www.ao.link/#/entity/7waR8v4STuwPnTck1zFVkQqJh5K9q9Zik4Y5-5dV7nk
https://oopsie-daisiesssssss.arweave.net,https://www.ao.link/#/entity/5yLDS5mcCVWsVrPhfUiN0WMZf0XvbvPZz7vB_LA2yMc,https://www.ao.link/#/entity/7waR8v4STuwPnTck1zFVkQqJh5K9q9Zik4Y5-5dV7nk
https://atomic-ant-5.arweave.net,https://www.ao.link/#/entity/MEqYLbmCZlk5_neiC3UJu0Lu05Pm7w1dKjjV97uiTos,https://www.ao.link/#/entity/ZjmB2vEUlHlJ7-rgJkYP09N5IzLPhJyStVrK5u9dDEo
https://babyshark-dododododo.arweave.net,https://www.ao.link/#/entity/zZH424KfBb17I-a1kHJ8r0nqXkXq5m8ZiOhvUN6xorA,https://www.ao.link/#/entity/7waR8v4STuwPnTck1zFVkQqJh5K9q9Zik4Y5-5dV7nk
https://thebestguy.arweave.net,https://www.ao.link/#/entity/_dxI_WipRKaJd15dmb8L30saTCo5FiKcHYVNgQr6BGg,https://www.ao.link/#/entity/XOXxc-49xz_ElNmMed58mmEn-rn-yFEDYhEsDsPKAwg
https://steven.arweave.net,https://www.ao.link/#/entity/BplYiqfeCc9GK8NhXe4oMabrl4CtVdAVYJHNklqDBrk,https://www.ao.link/#/entity/oaK9DeZSlZw-hhZRNnG_MdPOukzUTXp6u1d48TXunNU
https://vote-for-rick.arweave.net,https://www.ao.link/#/entity/8GFiWurgURfln_ikrbWVG-uZnzrspc1Dw8HA1319z60,https://www.ao.link/#/entity/31LPFYoow2G7j-eSSsrIh8OlNaARZ84-80J-8ba68d8
https://gm-vietnaaaaaaaaaaam.arweave.net,https://www.ao.link/#/entity/WQEs2ICE8sBNnlfmij-MxXEtXC-DRRoRHgJ_HzKxUJs,https://www.ao.link/#/entity/7waR8v4STuwPnTck1zFVkQqJh5K9q9Zik4Y5-5dV7nk
https://atomic-ant-4.arweave.net,https://www.ao.link/#/entity/ZT1UQ_YZiTYKVhAjphjcMjR-sKIUsE0M1Lpn1X-nOUg,https://www.ao.link/#/entity/ZjmB2vEUlHlJ7-rgJkYP09N5IzLPhJyStVrK5u9dDEo
https://marcus.arweave.net,https://www.ao.link/#/entity/VbhhdeyB6u1eTQNIVWaUELHGBLFSY9GNCaqAV3QG318,https://www.ao.link/#/entity/RxXveA7kNveQbhzPiidvSybP6ikwMYMzYQW3IQ50Xcc
https://very-long-cheap-test.arweave.net,https://www.ao.link/#/entity/mtH0jhINtkOypgVTJBgkrn4L-R7ipAkCnSNRO1u8mHw,https://www.ao.link/#/entity/v2XXwq_FvVqH2KR4p_x8H-SQ7rDwZBbykSv-59__Avc
https://yellow-paper.arweave.net,https://www.ao.link/#/entity/S6S9Gl4NjRjAV36yVtosrH4Kv8C3C9k4lwN7sGBVWh8,https://www.ao.link/#/entity/v2XXwq_FvVqH2KR4p_x8H-SQ7rDwZBbykSv-59__Avc
https://dia-de-los-muertos.arweave.net,https://www.ao.link/#/entity/8ouXYiNa5W1eRxr4DmFuPIzCfRaftmcLnew0bUvchdk,https://www.ao.link/#/entity/7waR8v4STuwPnTck1zFVkQqJh5K9q9Zik4Y5-5dV7nk
https://verynaughtythingsher.arweave.net,https://www.ao.link/#/entity/gfYrs9cE5_5kpUdFFNM_DLJswmDmKTq28WX6uLEqk1U,https://www.ao.link/#/entity/7waR8v4STuwPnTck1zFVkQqJh5K9q9Zik4Y5-5dV7nk
https://heygonfttest.arweave.net,https://www.ao.link/#/entity/Z8_guTxvG9NNrbGsQmQxPb_DT6N_4e3bf1pjIjd35Gg,https://www.ao.link/#/entity/s5rsm5S3YI7hPmsdFGRViTY9uiXWXQ64VOey5-dNngU
https://jgjkhg.arweave.net,https://www.ao.link/#/entity/qP6AtpOhnNU1gjcM2AMD96s7bWZDkOioDaITWCE98bI,https://www.ao.link/#/entity/7waR8v4STuwPnTck1zFVkQqJh5K9q9Zik4Y5-5dV7nk
https://atomic-ant-1.arweave.net,https://www.ao.link/#/entity/nLDvMIuY109hhfPDxViVsFQA-S5OVH-pw7hZ1piFyB8,https://www.ao.link/#/entity/ZjmB2vEUlHlJ7-rgJkYP09N5IzLPhJyStVrK5u9dDEo
https://waka-waka-waka-waka.arweave.net,https://www.ao.link/#/entity/OPtzhdB28cldatFZgzfKNGtHJbHaUn8JPGJLLW79Skg,https://www.ao.link/#/entity/7waR8v4STuwPnTck1zFVkQqJh5K9q9Zik4Y5-5dV7nk
https://bettergateways.arweave.net,https://www.ao.link/#/entity/3p59dhf9lBcQ904V5yFdAHGixGzNZ1G9KT4r_TpocI8,https://www.ao.link/#/entity/OU48aJtcq3KjsEqSUWDVpynh1xP2Y1VI-bwiSukAktU
https://memeathon.arweave.net,https://www.ao.link/#/entity/s2oToAnvv8xaQ9S7N7HbK_WI65vUITq-y3tXcKNrJ9A,https://www.ao.link/#/entity/SamNhE8JBi3R7Pn6ovDmxB7fB0CocDWj48p3-q6551w
https://ardrive.arweave.net,https://www.ao.link/#/entity/VuOu7FvyiNytkbK_g1t20TdOyM40a3O7Xxm-W0suiaQ,https://www.ao.link/#/entity/mkrRwztTSeeCnIsYMsPdhTaQejiMbGu8r6y53EYpnK0
https://shoopedydoop.arweave.net,https://www.ao.link/#/entity/trPkqwRO_mv7QEh5_eTt5I5QE0aP12PFctE4pHKMw6g,https://www.ao.link/#/entity/7waR8v4STuwPnTck1zFVkQqJh5K9q9Zik4Y5-5dV7nk
https://rawer-im-scary.arweave.net,https://www.ao.link/#/entity/L3qoZ-oafykiDNGSNO-73cujtSI-Acq8U3ZILKA5pAY,https://www.ao.link/#/entity/7waR8v4STuwPnTck1zFVkQqJh5K9q9Zik4Y5-5dV7nk
https://pearsonlucas.arweave.net,https://www.ao.link/#/entity/ejk2s2bUtT9yzQBTYdiGVF4WYesonW8FEeDjmFtcr8M,https://www.ao.link/#/entity/hv4NIWngChaX8TkmyTdRS9CW1gquds3u9NlVoU9W9KM
https://another-new-name-for.arweave.net,https://www.ao.link/#/entity/qP6AtpOhnNU1gjcM2AMD96s7bWZDkOioDaITWCE98bI,https://www.ao.link/#/entity/7waR8v4STuwPnTck1zFVkQqJh5K9q9Zik4Y5-5dV7nk
https://chenyi119.arweave.net,https://www.ao.link/#/entity/Cww-QgX0TBHYs3COaaDjpMDZ-QaFWqMttOWlU1h11z8,https://www.ao.link/#/entity/h7wP8NjoGkJTdLXC6kwS6fLTNgfeYbZr9YoED5NFQX0
https://testanttwooooooooooo.arweave.net,https://www.ao.link/#/entity/_kxrSD4hOCAproXSIiClbRMvs3HVZNixHSCFQr6ptqg,https://www.ao.link/#/entity/7waR8v4STuwPnTck1zFVkQqJh5K9q9Zik4Y5-5dV7nk
https://shark-bait-is-candy.arweave.net,https://www.ao.link/#/entity/qP6AtpOhnNU1gjcM2AMD96s7bWZDkOioDaITWCE98bI,https://www.ao.link/#/entity/7waR8v4STuwPnTck1zFVkQqJh5K9q9Zik4Y5-5dV7nk
https://some-new-name-for-te.arweave.net,https://www.ao.link/#/entity/qP6AtpOhnNU1gjcM2AMD96s7bWZDkOioDaITWCE98bI,https://www.ao.link/#/entity/7waR8v4STuwPnTck1zFVkQqJh5K9q9Zik4Y5-5dV7nk
https://whats-the-iguana-say.arweave.net,https://www.ao.link/#/entity/VIbGDsIjOqHsgAduCU8yxPcFG6eEQ6fL98krzhQlK6E,https://www.ao.link/#/entity/7waR8v4STuwPnTck1zFVkQqJh5K9q9Zik4Y5-5dV7nk
https://lpb.arweave.net,https://www.ao.link/#/entity/DqAW8mdku2W1NiIvGu3WKXbr5k0euf65b8AUm6D5Qpk,https://www.ao.link/#/entity/JcC4ZLUY76vmWha5y6RwKsFqYTrMZhbockl8iM9p5lQ
https://testantoneeeeeeeeeee.arweave.net,https://www.ao.link/#/entity/0ZNk6QAZ58_9G73ooPXlcgAbkt2Q7mq-45pAUxeJy8c,https://www.ao.link/#/entity/7waR8v4STuwPnTck1zFVkQqJh5K9q9Zik4Y5-5dV7nk
https://its-funny-cause-its.arweave.net,https://www.ao.link/#/entity/CfUa1A165hPskr_ftN5wBL6roeuTb3KCGKNfZ2pZXZE,https://www.ao.link/#/entity/7waR8v4STuwPnTck1zFVkQqJh5K9q9Zik4Y5-5dV7nk
https://blaaaaaaaaaaaaaaaaah.arweave.net,https://www.ao.link/#/entity/PrhvGDsg0w7KahAF-OLThwb_LXUcrDgTPbnhZGzKFn8,https://www.ao.link/#/entity/7waR8v4STuwPnTck1zFVkQqJh5K9q9Zik4Y5-5dV7nk
https://test.arweave.net,https://www.ao.link/#/entity/rTT0aPjMMtUO76uOKd9-9OJMNLdQDIakUsmWDELdIVw,https://www.ao.link/#/entity/ZjmB2vEUlHlJ7-rgJkYP09N5IzLPhJyStVrK5u9dDEo
https://atomic-ant-3.arweave.net,https://www.ao.link/#/entity/-md7q_m09VIJKA-tNAzfG422yDsSEwciYWm7yMxeqpk,https://www.ao.link/#/entity/ZjmB2vEUlHlJ7-rgJkYP09N5IzLPhJyStVrK5u9dDEo
https://ens-sucks-onion-skin.arweave.net,https://www.ao.link/#/entity/zyAlBe6JMVXG6vDV7vkGQzjApiIacNugSQa0wIxx-gQ,https://www.ao.link/#/entity/7waR8v4STuwPnTck1zFVkQqJh5K9q9Zik4Y5-5dV7nk
https://atomic-ant-10.arweave.net,https://www.ao.link/#/entity/tOVkIsnZa8yE9yOtYZ7wjP85uygKlABMDRvh7kLi2OU,https://www.ao.link/#/entity/ZjmB2vEUlHlJ7-rgJkYP09N5IzLPhJyStVrK5u9dDEo
https://jonniesparkles.arweave.net,https://www.ao.link/#/entity/xr33IptFTt9i7-xXyLExec4HRjDdnywPIC9x5z72uM4,https://www.ao.link/#/entity/OU48aJtcq3KjsEqSUWDVpynh1xP2Y1VI-bwiSukAktU
https://new-name-demo-ant.arweave.net,https://www.ao.link/#/entity/jBt-kFXjgfuptPm37lBs4SmbKwvsyroAdR84jc2noYo,https://www.ao.link/#/entity/7waR8v4STuwPnTck1zFVkQqJh5K9q9Zik4Y5-5dV7nk
https://yashuai.arweave.net,https://www.ao.link/#/entity/_bAj-BBXsWwa_SHcNecl3noR0ih4-SIxA0uD2seYGZk,https://www.ao.link/#/entity/h7wP8NjoGkJTdLXC6kwS6fLTNgfeYbZr9YoED5NFQX0
https://ar-fees.arweave.net,https://www.ao.link/#/entity/_4si3t0NPHis_d6D11LVLKXSYQv-4Mf9_XhDxiMskpI,https://www.ao.link/#/entity/vu3GICa6cX2SJsKCG-1wtUOCtTqRvRetVXSwoD8cykQ
https://bobinstein.arweave.net,https://www.ao.link/#/entity/NRuCXGlxxk2H9HqOEYl6f8v-3H-wJ32rS03hrp-oRMI,https://www.ao.link/#/entity/cF0H0SKdnaDTqWKY9iJKBktTpdEWgb3GnlndE7ABv0Q
https://dingxaingyuan.arweave.net,https://www.ao.link/#/entity/Hp3xGJzwOBIlyQrjf2b8RR4zppmlqDP4a_61PzOpJpc,https://www.ao.link/#/entity/SamNhE8JBi3R7Pn6ovDmxB7fB0CocDWj48p3-q6551w
https://hnt-distribution.arweave.net,https://www.ao.link/#/entity/qNQQ51MbGlUpcUsh4-qidpVSdh9vpFtj-ErkQUcWBJ4,https://www.ao.link/#/entity/vu3GICa6cX2SJsKCG-1wtUOCtTqRvRetVXSwoD8cykQ
https://ruh-roh-raggy.arweave.net,https://www.ao.link/#/entity/GxVoaTDGRoZBT7rAdj8xLdHzSbugIRnshAxwzrhAwbA,https://www.ao.link/#/entity/7waR8v4STuwPnTck1zFVkQqJh5K9q9Zik4Y5-5dV7nk
https://siegfried.arweave.net,https://www.ao.link/#/entity/KejqbfgqOCgX16PY5UbNaO10Uw9xdLTwf1mTskeYJ8s,https://www.ao.link/#/entity/vu3GICa6cX2SJsKCG-1wtUOCtTqRvRetVXSwoD8cykQ
https://crunchy-things-hurt.arweave.net,https://www.ao.link/#/entity/KdcL45dzIPdJ5EFa7NXpmP_-Vpzo_cinWyVEqb-QywY,https://www.ao.link/#/entity/7waR8v4STuwPnTck1zFVkQqJh5K9q9Zik4Y5-5dV7nk
https://bobsagetrules.arweave.net,https://www.ao.link/#/entity/rTT0aPjMMtUO76uOKd9-9OJMNLdQDIakUsmWDELdIVw,https://www.ao.link/#/entity/ZjmB2vEUlHlJ7-rgJkYP09N5IzLPhJyStVrK5u9dDEo
https://vilenarios.arweave.net,https://www.ao.link/#/entity/pHcK_kmDCraQ0VNf3box7d4wy2sDjM9y1mgz5PhZ9zU,https://www.ao.link/#/entity/NdZ3YRwMB2AMwwFYjKn1g88Y9nRybTo0qhS1ORq_E7g
https://luckygay.arweave.net,https://www.ao.link/#/entity/hMhidoS8eDlWjZPHkEIs1yHiEwBdSLUADQosQzh2lXc,https://www.ao.link/#/entity/hv4NIWngChaX8TkmyTdRS9CW1gquds3u9NlVoU9W9KM
https://druuuuuuuuuuuuuuuugs.arweave.net,https://www.ao.link/#/entity/qP6AtpOhnNU1gjcM2AMD96s7bWZDkOioDaITWCE98bI,https://www.ao.link/#/entity/7waR8v4STuwPnTck1zFVkQqJh5K9q9Zik4Y5-5dV7nk
https://ros.arweave.net,https://www.ao.link/#/entity/Jp_1zcCcOlFcIdIPvZI7bnOWYAmwSnLJs-4Gc-dqjSo,https://www.ao.link/#/entity/v2XXwq_FvVqH2KR4p_x8H-SQ7rDwZBbykSv-59__Avc
https://feb-15-2023-test.arweave.net,https://www.ao.link/#/entity/ppRncQ7KNPyclQj61PdDtXQjQZTZsKMSfnsluSWPYOM,https://www.ao.link/#/entity/7waR8v4STuwPnTck1zFVkQqJh5K9q9Zik4Y5-5dV7nk
https://dodecahedronsarecool.arweave.net,https://www.ao.link/#/entity/InqFHoAdem705I2-j1r2G-7_YZl7gAJK32M0cOIYTvQ,https://www.ao.link/#/entity/7waR8v4STuwPnTck1zFVkQqJh5K9q9Zik4Y5-5dV7nk
https://atomic-ant-8.arweave.net,https://www.ao.link/#/entity/1Mm3SOcrat9KjQMG8KkaqUS-xLxuhlX7Tq8PzQIwCXk,https://www.ao.link/#/entity/ZjmB2vEUlHlJ7-rgJkYP09N5IzLPhJyStVrK5u9dDEo
https://atomic-ant-11.arweave.net,https://www.ao.link/#/entity/M0d4bES2O1r4URqo4Os6zb28NaU6zq9bv5_pfAHCulE,https://www.ao.link/#/entity/ZjmB2vEUlHlJ7-rgJkYP09N5IzLPhJyStVrK5u9dDEo
https://johnson.arweave.net,https://www.ao.link/#/entity/rTT0aPjMMtUO76uOKd9-9OJMNLdQDIakUsmWDELdIVw,https://www.ao.link/#/entity/ZjmB2vEUlHlJ7-rgJkYP09N5IzLPhJyStVrK5u9dDEo
https://gigautility.arweave.net,https://www.ao.link/#/entity/RBepCNNTipkiGRGXgebsNW1FSa-3SLuL-UBNMBms_Po,https://www.ao.link/#/entity/cF0H0SKdnaDTqWKY9iJKBktTpdEWgb3GnlndE7ABv0Q
https://alexandria.arweave.net,https://www.ao.link/#/entity/x5_OAoBkkNDZgPoke7H9QN4Wu1JfM0QUYjfQlVclECo,https://www.ao.link/#/entity/8s8ABYc_1oDZ553UKXLIzsUie48xc6V88Q1hPtky4C8
https://arfans.arweave.net,https://www.ao.link/#/entity/Nc0dJSPoa2YogzhHKPcgQQlILQ5oMnuyGVc7XwPW8tE,https://www.ao.link/#/entity/h7wP8NjoGkJTdLXC6kwS6fLTNgfeYbZr9YoED5NFQX0
https://heygonft.arweave.net,https://www.ao.link/#/entity/pkJEsXRfhDtzJvCabkh5u9MZTm0D_XlJBjhCqeiktow,https://www.ao.link/#/entity/s5rsm5S3YI7hPmsdFGRViTY9uiXWXQ64VOey5-dNngU
https://testantthreeeeeeeeee.arweave.net,https://www.ao.link/#/entity/CXlGSwx6HmjYAfcngpvCuQM-lu3G9NsQIy_8QM3b95o,https://www.ao.link/#/entity/7waR8v4STuwPnTck1zFVkQqJh5K9q9Zik4Y5-5dV7nk
https://atomic-ant-0.arweave.net,https://www.ao.link/#/entity/Op2pLEnDqtnDAe0YPW8sQdfJu5hNdbVnSE6wz4J0sGs,https://www.ao.link/#/entity/ZjmB2vEUlHlJ7-rgJkYP09N5IzLPhJyStVrK5u9dDEo
https://ardrive-calc.arweave.net,https://www.ao.link/#/entity/y1_0YF1sLeCtG_JEihKw9Z7tQhmDRTuJIGSxHmZM3S0,https://www.ao.link/#/entity/7waR8v4STuwPnTck1zFVkQqJh5K9q9Zik4Y5-5dV7nk
https://marcuszhao11.arweave.net,https://www.ao.link/#/entity/sJdYaA7mGyQfW5K3eeLww_XDQl7n3SIogpM3Ac_tZSY,https://www.ao.link/#/entity/hv4NIWngChaX8TkmyTdRS9CW1gquds3u9NlVoU9W9KM
https://dtfiedler.arweave.net,https://www.ao.link/#/entity/rTT0aPjMMtUO76uOKd9-9OJMNLdQDIakUsmWDELdIVw,https://www.ao.link/#/entity/ZjmB2vEUlHlJ7-rgJkYP09N5IzLPhJyStVrK5u9dDEo
https://ardriveapk.arweave.net,https://www.ao.link/#/entity/G9Zy4QA5CHelXiUE2TG58nxmrdTph3hTMeYLHcLWeWw,https://www.ao.link/#/entity/h7wP8NjoGkJTdLXC6kwS6fLTNgfeYbZr9YoED5NFQX0
https://hypercubesarecool.arweave.net,https://www.ao.link/#/entity/aoQUIyt0OrFeiylc-bDENeCjN4X9j6GD-gTa1woJZ9Y,https://www.ao.link/#/entity/7waR8v4STuwPnTck1zFVkQqJh5K9q9Zik4Y5-5dV7nk
https://atomic-ant-6.arweave.net,https://www.ao.link/#/entity/Pxxe2gsB-BGbMO8arVglHCiuvoJJ62U3uVDfwQahKEI,https://www.ao.link/#/entity/ZjmB2vEUlHlJ7-rgJkYP09N5IzLPhJyStVrK5u9dDEo
https://fiedler2.arweave.net,https://www.ao.link/#/entity/rTT0aPjMMtUO76uOKd9-9OJMNLdQDIakUsmWDELdIVw,https://www.ao.link/#/entity/ZjmB2vEUlHlJ7-rgJkYP09N5IzLPhJyStVrK5u9dDEo
https://totally-not-here-rn.arweave.net,https://www.ao.link/#/entity/VfyYluNvT59YNZYAY71-LUmu5zOaZQ2KYW30wquzCrg,https://www.ao.link/#/entity/7waR8v4STuwPnTck1zFVkQqJh5K9q9Zik4Y5-5dV7nk
https://chawyehsu.arweave.net,https://www.ao.link/#/entity/kXS6TtjMhLCzgOzYGmfxVXmN8zykMgIV04H81lI9zbg,https://www.ao.link/#/entity/46MSbwhQ9iK6hXIWb-nlszHKB-ba3VGNentYLb6TamE
https://defiplunt.arweave.net,https://www.ao.link/#/entity/34QDRQhUp0ctnmQq3roqZic87O1g605j5--qQHmotiw,https://www.ao.link/#/entity/XOXxc-49xz_ElNmMed58mmEn-rn-yFEDYhEsDsPKAwg
https://hotdog.arweave.net,https://www.ao.link/#/entity/XYMyN00ID180oVk3FHymH6iIMpaDew9KIVnah9XHuF4,https://www.ao.link/#/entity/v2XXwq_FvVqH2KR4p_x8H-SQ7rDwZBbykSv-59__Avc
https://ogres-have-layers-ar.arweave.net,https://www.ao.link/#/entity/jPC7B5OG3_uqm1cV3A1wfVPsp9u0fCS0Lcw3K5XzSKI,https://www.ao.link/#/entity/7waR8v4STuwPnTck1zFVkQqJh5K9q9Zik4Y5-5dV7nk
https://turtles.arweave.net,https://www.ao.link/#/entity/rTT0aPjMMtUO76uOKd9-9OJMNLdQDIakUsmWDELdIVw,https://www.ao.link/#/entity/ZjmB2vEUlHlJ7-rgJkYP09N5IzLPhJyStVrK5u9dDEo
https://fiedler3.arweave.net,https://www.ao.link/#/entity/rTT0aPjMMtUO76uOKd9-9OJMNLdQDIakUsmWDELdIVw,https://www.ao.link/#/entity/ZjmB2vEUlHlJ7-rgJkYP09N5IzLPhJyStVrK5u9dDEo
